algorithm,return,return_ci,collision_rate,goal_rate,mean_speed,steps,training_collisions
random,-95.57,1.8,0.984,0.014,2.089,27.8,
always_accelerate,-75.21,0.0,1.0,0.0,3.91,16.0,
monte_carlo,-2.26,8.06,0.194,0.793,1.946,153.6,0.5911
actor_critic,18.52,25.84,0.0,0.865,2.06,175.8,0.108
sarsa,33.04,3.07,0.006,0.991,1.953,166.5,0.3203
dyna_q,34.51,7.04,0.016,0.984,2.511,129.8,0.6172
dyna_q_plus,37.61,2.09,0.009,0.984,2.579,128.9,0.6156
expected_sarsa,40.47,0.94,0.0,1.0,2.446,134.4,0.3993
q_learning,40.5,1.5,0.001,0.999,2.489,133.3,0.5704
scripted,43.47,0.0,0.0,1.0,2.241,145.3,
