algorithm,seed,episodes,reward,reward_std,collision_rate,goal_rate,red_lights,lane_changes,mean_speed,steps,episode
q_learning,0,30,-28.61666666666665,53.86356117285806,0.4666666666666667,0.5333333333333333,0.4666666666666667,15.0,2.06223800083456,115.13333333333334,999
q_learning,0,30,-15.759999999999998,51.48912085738759,0.3333333333333333,0.6333333333333333,0.8333333333333334,12.666666666666666,2.3860849533885125,105.6,1999
q_learning,0,30,0.4333333333333395,57.256142804845744,0.26666666666666666,0.7333333333333333,0.5666666666666667,9.3,2.411099982027392,110.46666666666667,2999
q_learning,0,30,7.6466666666666665,51.08816062020197,0.2,0.8,0.4666666666666667,14.6,2.175769466414239,130.4,3999
q_learning,0,30,18.23166666666667,49.23030144692958,0.16666666666666666,0.8333333333333334,0.23333333333333334,21.833333333333332,2.612615844410254,118.03333333333333,4999
q_learning,0,30,35.68500000000001,17.280751092858583,0.0,1.0,0.26666666666666666,17.266666666666666,2.2819780331248647,142.5,5999
q_learning,0,30,33.295,35.62713467288662,0.06666666666666667,0.9333333333333333,0.06666666666666667,17.033333333333335,2.3802203571384193,131.9,6999
q_learning,0,30,36.78333333333333,24.32930788621456,0.03333333333333333,0.9666666666666667,0.13333333333333333,13.5,2.3761083862766794,134.0,7999
q_learning,0,30,32.911666666666676,24.829007509139153,0.03333333333333333,0.9666666666666667,0.13333333333333333,16.166666666666668,2.1502499871706786,145.36666666666667,8999
q_learning,0,30,32.97833333333334,36.05733324242872,0.06666666666666667,0.9333333333333333,0.03333333333333333,22.866666666666667,2.4467871452496746,128.96666666666667,9999
q_learning,0,30,41.52833333333332,12.674519605185127,0.0,1.0,0.06666666666666667,14.466666666666667,2.3984095740884666,137.36666666666667,10999
q_learning,0,30,38.406666666666666,16.692661727704042,0.0,1.0,0.16666666666666666,19.933333333333334,2.3777389366796604,137.53333333333333,11999
q_learning,0,30,42.745,12.442844998900634,0.0,1.0,0.03333333333333333,18.633333333333333,2.4544896303530854,131.83333333333334,12999
q_learning,0,30,41.59166666666667,11.962253712778743,0.0,1.0,0.16666666666666666,14.866666666666667,2.5374635804226155,128.7,13999
q_learning,0,30,41.066666666666656,11.934168965155841,0.0,1.0,0.23333333333333334,17.166666666666668,2.588500438590379,123.8,14999
q_learning,0,30,42.17333333333335,15.423049489499624,0.0,1.0,0.2,11.5,2.6121217890376243,126.53333333333333,15999
q_learning,0,30,40.220000000000006,13.952948314484162,0.0,1.0,0.16666666666666666,12.766666666666667,2.3984472812541435,136.0,16999
q_learning,0,30,38.92666666666666,13.613845484979212,0.0,1.0,0.26666666666666666,19.6,2.561901298837576,127.8,17999
q_learning,0,30,43.445,13.131351479062111,0.0,1.0,0.1,15.433333333333334,2.5651486071314644,126.3,18999
q_learning,0,30,45.906666666666666,9.75704645656438,0.0,1.0,0.03333333333333333,9.7,2.5263216397107944,126.46666666666667,19999
q_learning,1,30,-73.00333333333334,68.1552797335288,0.8666666666666667,0.13333333333333333,0.43333333333333335,2.466666666666667,3.6492965744526034,36.8,999
q_learning,1,30,-29.11333333333333,67.3841437002966,0.5,0.4666666666666667,0.5333333333333333,4.533333333333333,3.2962986736356634,73.26666666666667,1999
q_learning,1,30,2.3183333333333382,50.00074246670967,0.26666666666666666,0.7333333333333333,0.6,10.3,2.707609833918396,101.76666666666667,2999
q_learning,1,30,12.085000000000008,51.98392243440915,0.2,0.8,0.5666666666666667,6.766666666666667,2.623582837114719,106.56666666666666,3999
q_learning,1,30,36.031666666666666,23.178296181749186,0.03333333333333333,0.9666666666666667,0.2,20.166666666666668,2.476784542324248,124.43333333333334,4999
q_learning,1,30,29.22500000000001,35.09180994192234,0.06666666666666667,0.9333333333333333,0.16666666666666666,8.066666666666666,2.122571367483816,148.23333333333332,5999
q_learning,1,30,28.611666666666668,40.192983805910984,0.1,0.9,0.16666666666666666,11.9,2.422028343516549,127.7,6999
q_learning,1,30,28.51666666666667,41.864560058465784,0.1,0.9,0.16666666666666666,21.433333333333334,2.5289786335786912,118.73333333333333,7999
q_learning,1,30,43.03,11.107501969389872,0.0,1.0,0.1,12.433333333333334,2.444445095716601,130.26666666666668,8999
q_learning,1,30,39.40833333333334,14.99711685254497,0.0,1.0,0.16666666666666666,23.033333333333335,2.547805659896654,130.9,9999
q_learning,1,30,38.44000000000001,25.149424778047436,0.03333333333333333,0.9666666666666667,0.03333333333333333,17.8,2.431394085518318,130.0,10999
q_learning,1,30,42.78833333333333,13.827091061471409,0.0,1.0,0.1,17.3,2.5260095247137384,127.43333333333334,11999
q_learning,1,30,38.86833333333335,12.390617978490369,0.0,1.0,0.2,28.033333333333335,2.587987129353546,126.63333333333334,12999
q_learning,1,30,44.42333333333334,13.15977921125154,0.0,1.0,0.06666666666666667,13.366666666666667,2.641794792060746,126.8,13999
q_learning,1,30,38.95500000000001,13.164227727696993,0.0,1.0,0.1,15.433333333333334,2.2975050455751505,144.16666666666666,14999
q_learning,1,30,39.27333333333333,14.384706771042946,0.0,1.0,0.26666666666666666,17.0,2.593202912688644,128.33333333333334,15999
q_learning,1,30,40.67166666666667,13.364029353288466,0.0,1.0,0.2,13.8,2.538556959631468,130.7,16999
q_learning,1,30,39.21166666666669,15.15930783013816,0.0,1.0,0.2,18.733333333333334,2.507246210161275,132.56666666666666,17999
q_learning,1,30,41.44666666666667,11.22482318593729,0.0,1.0,0.16666666666666666,17.566666666666666,2.5205821603551075,127.33333333333333,18999
q_learning,1,30,38.92166666666667,13.952255990420406,0.0,1.0,0.23333333333333334,19.066666666666666,2.534794772356827,130.9,19999
q_learning,2,30,-46.861666666666665,56.368337275657005,0.7,0.3,0.7333333333333333,4.3,3.7612011297212,48.43333333333333,999
q_learning,2,30,-7.976666666666672,56.749033374048665,0.36666666666666664,0.6333333333333333,0.6666666666666666,9.066666666666666,3.097134326585352,84.6,1999
q_learning,2,30,-4.749999999999995,56.48791021094691,0.3333333333333333,0.6666666666666666,0.5666666666666667,7.733333333333333,2.6568448869303785,102.46666666666667,2999
q_learning,2,30,-3.1249999999999925,52.01702245419282,0.3,0.7,0.4,7.833333333333333,2.0746780548345765,122.5,3999
q_learning,2,30,8.263333333333339,48.527682706769426,0.2,0.8,0.5333333333333333,13.4,2.3035253101821622,121.26666666666667,4999
q_learning,2,30,16.296666666666695,42.26612105326071,0.13333333333333333,0.8666666666666667,0.16666666666666666,15.8,2.034116560532284,153.93333333333334,5999
q_learning,2,30,27.40166666666668,32.746985823974015,0.06666666666666667,0.9333333333333333,0.2,22.766666666666666,2.349936676265593,138.03333333333333,6999
q_learning,2,30,32.745000000000005,33.0333047847169,0.06666666666666667,0.9333333333333333,0.16666666666666666,15.833333333333334,2.5523744820985854,121.03333333333333,7999
q_learning,2,30,21.676666666666677,40.59154824454087,0.13333333333333333,0.8666666666666667,0.2,18.266666666666666,2.453582732701243,124.13333333333334,8999
q_learning,2,30,36.94000000000002,14.007191010334624,0.0,1.0,0.13333333333333333,14.5,2.2294151200829178,150.33333333333334,9999
q_learning,2,30,37.79666666666667,14.944920727643728,0.0,1.0,0.13333333333333333,21.2,2.335769653948892,141.4,10999
q_learning,2,30,39.386666666666656,12.896381490773122,0.0,1.0,0.16666666666666666,17.533333333333335,2.4600709915014045,135.53333333333333,11999
q_learning,2,30,35.605000000000004,15.048307490655988,0.0,1.0,0.23333333333333334,25.3,2.390334093370743,139.03333333333333,12999
q_learning,2,30,43.995,11.11846324812921,0.0,1.0,0.1,12.5,2.5785864916960906,126.56666666666666,13999
q_learning,2,30,42.45000000000001,15.101727274277797,0.0,1.0,0.13333333333333333,12.066666666666666,2.531478929725535,130.33333333333334,14999
q_learning,2,30,41.55166666666666,11.640400074262427,0.0,1.0,0.13333333333333333,13.666666666666666,2.4044415750940122,132.5,15999
q_learning,2,30,37.49833333333334,11.082083764146317,0.0,1.0,0.23333333333333334,18.1,2.3436543965592223,137.23333333333332,16999
q_learning,2,30,41.65666666666667,12.412297217768437,0.0,1.0,0.2,16.2,2.611608285665912,124.86666666666666,17999
q_learning,2,30,33.58833333333333,31.543273671083806,0.06666666666666667,0.9333333333333333,0.06666666666666667,20.933333333333334,2.488111234616625,124.03333333333333,18999
q_learning,2,30,41.448333333333345,15.433920885144143,0.0,1.0,0.13333333333333333,15.166666666666666,2.547088158337582,131.83333333333334,19999
q_learning,3,30,-32.17999999999999,58.123071437539615,0.5333333333333333,0.4666666666666667,0.5,17.466666666666665,2.411016050989223,86.6,999
q_learning,3,30,-32.013333333333335,61.36933671540608,0.5333333333333333,0.4666666666666667,0.7333333333333333,7.666666666666667,2.737387942713339,77.53333333333333,1999
q_learning,3,30,2.6416666666666626,53.043868768113896,0.26666666666666666,0.7333333333333333,0.5333333333333333,11.6,2.545921834802229,105.9,2999
q_learning,3,30,19.121666666666666,43.08716298259714,0.13333333333333333,0.8666666666666667,0.5,13.466666666666667,2.5766743781492876,114.63333333333334,3999
q_learning,3,30,34.07500000000002,27.537549364458698,0.03333333333333333,0.9666666666666667,0.23333333333333334,9.233333333333333,2.2349209539926664,140.03333333333333,4999
q_learning,3,30,26.713333333333328,37.976485999745805,0.1,0.9,0.3333333333333333,11.7,2.561199848036624,119.8,5999
q_learning,3,30,22.85333333333334,37.79099304802079,0.1,0.9,0.1,19.033333333333335,1.9870437174219977,149.33333333333334,6999
q_learning,3,30,25.22833333333334,44.75225819876455,0.13333333333333333,0.8666666666666667,0.13333333333333333,12.366666666666667,2.41699142651603,124.83333333333333,7999
q_learning,3,30,34.44500000000001,23.852094072987942,0.03333333333333333,0.9666666666666667,0.06666666666666667,23.466666666666665,2.217197689962347,138.63333333333333,8999
q_learning,3,30,41.07666666666668,12.012734446781407,0.0,1.0,0.06666666666666667,18.7,2.426543997576706,135.93333333333334,9999
q_learning,3,30,40.993333333333325,10.915071639200947,0.0,1.0,0.13333333333333333,18.5,2.441007427826394,131.0,10999
q_learning,3,30,40.36833333333334,12.519361560754156,0.0,1.0,0.2,12.033333333333333,2.488435444318313,133.3,11999
q_learning,3,30,39.06000000000001,13.773291787610782,0.0,1.0,0.2,18.833333333333332,2.433131293589958,133.06666666666666,12999
q_learning,3,30,44.126666666666665,10.318016066839375,0.0,1.0,0.06666666666666667,19.166666666666668,2.628589578589656,123.2,13999
q_learning,3,30,40.89666666666666,10.916195409675574,0.0,1.0,0.1,14.766666666666667,2.355103077709616,136.93333333333334,14999
q_learning,3,30,40.93166666666668,12.095711935319141,0.0,1.0,0.06666666666666667,15.366666666666667,2.376211791027373,139.03333333333333,15999
q_learning,3,30,38.94666666666667,11.180026336681355,0.0,1.0,0.13333333333333333,20.866666666666667,2.369012687748916,137.06666666666666,16999
q_learning,3,30,40.813333333333354,10.812068360042026,0.0,1.0,0.1,17.766666666666666,2.385841245263404,134.86666666666667,17999
q_learning,3,30,41.681666666666665,12.104706270244185,0.0,1.0,0.26666666666666666,13.6,2.6803367789836017,121.36666666666666,18999
q_learning,3,30,42.46333333333334,11.636594098885727,0.0,1.0,0.2,18.6,2.6976917211851403,119.8,19999
q_learning,4,30,-49.94666666666667,53.87325083522949,0.7,0.3,0.7,7.533333333333333,3.7002236099970127,47.46666666666667,999
q_learning,4,30,-6.914999999999969,56.6657673703151,0.3333333333333333,0.6666666666666666,0.6,7.566666666666666,2.792444391178781,103.1,1999
q_learning,4,30,-31.22166666666666,71.43128362668246,0.43333333333333335,0.5666666666666667,0.7666666666666667,14.1,2.878938217466981,85.03333333333333,2999
q_learning,4,30,-2.1583333333333283,61.94581110849133,0.3333333333333333,0.6666666666666666,0.5,10.966666666666667,2.6708130841871105,94.3,3999
q_learning,4,30,30.28500000000001,32.46464269016371,0.06666666666666667,0.9333333333333333,0.13333333333333333,9.533333333333333,2.256908418664524,141.3,4999
q_learning,4,30,34.68333333333336,26.903708955375553,0.03333333333333333,0.9666666666666667,0.23333333333333334,11.333333333333334,2.456629351227278,132.73333333333332,5999
q_learning,4,30,28.178333333333335,38.571471934866864,0.1,0.9,0.3,13.9,2.6931058028540904,118.1,6999
q_learning,4,30,38.296666666666674,14.073183324638684,0.0,1.0,0.23333333333333334,12.466666666666667,2.410327232905088,138.46666666666667,7999
q_learning,4,30,38.47500000000001,12.698521895611817,0.0,1.0,0.26666666666666666,13.033333333333333,2.3446155764036356,134.83333333333334,8999
q_learning,4,30,35.75333333333334,16.49440780655337,0.0,1.0,0.2,21.733333333333334,2.3037492467144363,143.86666666666667,9999
q_learning,4,30,36.18666666666668,14.520341670299006,0.0,1.0,0.13333333333333333,16.266666666666666,2.1629069754738692,151.86666666666667,10999
q_learning,4,30,38.54,15.602720916558104,0.0,1.0,0.06666666666666667,26.0,2.321739167490072,140.06666666666666,11999
q_learning,4,30,39.070000000000014,14.839640606609482,0.0,1.0,0.13333333333333333,13.733333333333333,2.339666305225488,142.46666666666667,12999
q_learning,4,30,34.12000000000001,25.42309514332719,0.03333333333333333,0.9666666666666667,0.3333333333333333,13.566666666666666,2.5529323836821853,126.73333333333333,13999
q_learning,4,30,42.57333333333334,13.309875615079534,0.0,1.0,0.13333333333333333,12.7,2.598540747180225,129.33333333333334,14999
q_learning,4,30,38.510000000000005,15.715143439795021,0.0,1.0,0.26666666666666666,13.666666666666666,2.5017755666042953,134.06666666666666,15999
q_learning,4,30,41.08833333333334,13.059311386473974,0.0,1.0,0.1,15.266666666666667,2.437970049480287,135.76666666666668,16999
q_learning,4,30,39.443333333333335,15.27235374422976,0.0,1.0,0.13333333333333333,12.0,2.387733095064429,142.33333333333334,17999
q_learning,4,30,41.08166666666667,13.764413556543381,0.0,1.0,0.16666666666666666,16.766666666666666,2.5556879976624836,129.3,18999
q_learning,4,30,38.915,8.40154896432794,0.0,1.0,0.03333333333333333,8.5,2.0257177355504985,155.03333333333333,19999
sarsa,0,30,-58.78666666666666,56.998163615642525,0.6666666666666666,0.3333333333333333,0.7,4.5,2.247900667305136,86.86666666666666,999
sarsa,0,30,-107.0133333333332,185.59933815135756,0.26666666666666666,0.36666666666666664,0.4666666666666667,15.166666666666666,1.0684832933833905,218.4,1999
sarsa,0,30,-22.124999999999975,42.411025983817034,0.16666666666666666,0.7333333333333333,0.7,29.0,1.477935618534453,212.83333333333334,2999
sarsa,0,30,5.043333333333376,42.18997261066763,0.06666666666666667,0.9,0.5,22.566666666666666,1.6966497209843217,190.86666666666667,3999
sarsa,0,30,0.2150000000000413,38.09153044531903,0.1,0.8666666666666667,0.4666666666666667,28.833333333333332,1.6564874196224115,190.16666666666666,4999
sarsa,0,30,-12.308333333333268,148.02181656957006,0.0,1.0,0.5333333333333333,12.066666666666666,2.042888561791145,161.23333333333332,5999
sarsa,0,30,20.31000000000002,33.37204019335147,0.06666666666666667,0.9333333333333333,0.36666666666666664,19.466666666666665,2.138690641803761,152.73333333333332,6999
sarsa,0,30,29.82166666666669,28.20130813553788,0.03333333333333333,0.9666666666666667,0.23333333333333334,12.4,2.072111626598806,152.16666666666666,7999
sarsa,0,30,31.58166666666668,15.770042714660654,0.0,1.0,0.1,19.8,1.8874484659097612,170.03333333333333,8999
sarsa,0,30,31.875000000000007,15.813131410318437,0.0,1.0,0.16666666666666666,21.566666666666666,1.9578672145708462,162.23333333333332,9999
sarsa,0,30,22.196666666666676,34.525002856223225,0.06666666666666667,0.9333333333333333,0.06666666666666667,12.766666666666667,1.7253877028791937,179.2,10999
sarsa,0,30,24.933333333333348,19.135618330456115,0.0,0.9666666666666667,0.13333333333333333,20.433333333333334,1.777773524701398,183.53333333333333,11999
sarsa,0,30,26.391666666666673,32.7661819648789,0.06666666666666667,0.9333333333333333,0.0,26.366666666666667,2.039380886527237,155.3,12999
sarsa,0,30,25.725000000000016,24.17039425274923,0.03333333333333333,0.9666666666666667,0.06666666666666667,20.566666666666666,1.8234221256042125,175.83333333333334,13999
sarsa,0,30,28.351666666666674,32.05377898504671,0.06666666666666667,0.9333333333333333,0.06666666666666667,15.7,2.059421292253395,153.43333333333334,14999
sarsa,0,30,35.47000000000001,12.658874357540627,0.0,1.0,0.0,7.266666666666667,1.8837907209578881,172.6,15999
sarsa,0,30,21.901666666666674,23.525300151586205,0.03333333333333333,0.9666666666666667,0.06666666666666667,10.4,1.541813948078276,201.3,16999
sarsa,0,30,35.77833333333335,14.323679016075273,0.0,1.0,0.06666666666666667,22.433333333333334,2.113459482612066,153.96666666666667,17999
sarsa,0,30,28.935,24.866631423120687,0.03333333333333333,0.9666666666666667,0.06666666666666667,17.833333333333332,1.9139754246965714,167.23333333333332,18999
sarsa,0,30,29.235000000000003,24.15942241997243,0.03333333333333333,0.9666666666666667,0.03333333333333333,16.866666666666667,1.846916116006144,168.83333333333334,19999
sarsa,1,30,-46.446666666666644,43.70073213218392,0.5666666666666667,0.36666666666666664,0.3333333333333333,4.266666666666667,2.180568159339655,113.26666666666667,999
sarsa,1,30,-74.21666666666677,44.37252590912046,0.43333333333333335,0.3333333333333333,0.7666666666666667,60.6,1.5090265073362668,178.26666666666668,1999
sarsa,1,30,-138.9666666666664,243.38397966085424,0.3,0.3333333333333333,0.2,47.4,1.1535013297890022,199.26666666666668,2999
sarsa,1,30,9.06666666666667,30.131302475812262,0.03333333333333333,0.9666666666666667,0.6333333333333333,23.1,1.7605926858789414,181.8,3999
sarsa,1,30,0.8083333333333428,44.795755162242294,0.1,0.9,0.7333333333333333,14.7,1.7084197783348005,184.16666666666666,4999
sarsa,1,30,24.443333333333335,22.775292655760868,0.03333333333333333,0.9666666666666667,0.16666666666666666,8.666666666666666,1.7787995812830715,179.06666666666666,5999
sarsa,1,30,22.333333333333336,28.34590603400937,0.03333333333333333,0.9666666666666667,0.2,24.4,1.822887188377614,175.66666666666666,6999
sarsa,1,30,20.603333333333367,28.287862336266265,0.0,0.9666666666666667,0.16666666666666666,28.733333333333334,1.6709274528184712,193.46666666666667,7999
sarsa,1,30,19.86666666666671,20.83325199984119,0.0,1.0,0.3333333333333333,17.266666666666666,1.6283175362769247,200.26666666666668,8999
sarsa,1,30,22.56000000000005,20.88726645590558,0.0,0.9666666666666667,0.0,15.6,1.5769585683534566,210.66666666666666,9999
sarsa,1,30,22.37833333333337,25.87290308196758,0.0,0.9333333333333333,0.1,13.033333333333333,1.669070063303772,198.96666666666667,10999
sarsa,1,30,24.671666666666688,19.174999710270868,0.0,0.9666666666666667,0.03333333333333333,2.533333333333333,1.5471200029047323,210.16666666666666,11999
sarsa,1,30,23.726666666666684,23.25904388022477,0.0,0.9666666666666667,0.16666666666666666,21.9,1.7534475266717855,187.66666666666666,12999
sarsa,1,30,5.049999999999999,31.363224217757512,0.0,0.9666666666666667,0.16666666666666666,82.8,1.5292109620864607,213.26666666666668,13999
sarsa,1,30,24.00000000000004,20.808223534618833,0.0,0.9666666666666667,0.03333333333333333,18.066666666666666,1.6463218153306696,200.46666666666667,14999
sarsa,1,30,17.00500000000005,22.097003379040594,0.0,0.9333333333333333,0.26666666666666666,5.0,1.533111712106405,213.16666666666666,15999
sarsa,1,30,28.730000000000036,17.586328023022094,0.0,1.0,0.06666666666666667,23.3,1.8484172401011993,181.4,16999
sarsa,1,30,35.20666666666668,12.50199139692908,0.0,1.0,0.03333333333333333,19.266666666666666,1.9932639700778694,161.46666666666667,17999
sarsa,1,30,27.67833333333338,13.886400321497556,0.0,1.0,0.03333333333333333,4.266666666666667,1.5938086945644814,203.43333333333334,18999
sarsa,1,30,33.00833333333334,12.757259915654119,0.0,1.0,0.13333333333333333,9.3,1.8768050495640167,170.23333333333332,19999
sarsa,2,30,-43.393333333333324,47.692371390914204,0.3333333333333333,0.36666666666666664,0.3333333333333333,5.133333333333334,1.6223012672106927,174.26666666666668,999
sarsa,2,30,-82.34833333333327,163.79890337612775,0.3333333333333333,0.4666666666666667,0.5333333333333333,48.8,1.3880370493238847,193.96666666666667,1999
sarsa,2,30,-89.05833333333364,48.42417454697159,0.23333333333333334,0.13333333333333333,0.2,151.0,0.9556250389436304,225.83333333333334,2999
sarsa,2,30,-21.231666666666687,44.043174808615056,0.16666666666666666,0.7666666666666667,0.8666666666666667,23.7,1.8387127996321804,167.56666666666666,3999
sarsa,2,30,12.573333333333348,37.885148218735466,0.1,0.9,0.5333333333333333,20.0,2.177011011741537,149.46666666666667,4999
sarsa,2,30,5.2349999999999905,39.355762284575405,0.0,0.9666666666666667,0.3333333333333333,38.2,1.7082691287003382,195.36666666666667,5999
sarsa,2,30,20.995,39.44505535129425,0.1,0.9,0.26666666666666666,11.4,1.9954648603088456,146.56666666666666,6999
sarsa,2,30,26.761666666666713,12.648443140912153,0.0,1.0,0.13333333333333333,19.466666666666665,1.7496321010510278,186.83333333333334,7999
sarsa,2,30,20.1283333333334,24.694495619244535,0.03333333333333333,0.9666666666666667,0.06666666666666667,6.566666666666666,1.5287720947890997,209.56666666666666,8999
sarsa,2,30,25.480000000000008,25.760294382375882,0.03333333333333333,0.9666666666666667,0.13333333333333333,11.533333333333333,1.7712139542844023,179.66666666666666,9999
sarsa,2,30,31.071666666666694,13.274974471622212,0.0,1.0,0.06666666666666667,7.933333333333334,1.7553921730966708,184.23333333333332,10999
sarsa,2,30,25.78833333333337,12.713212833723604,0.0,1.0,0.1,10.733333333333333,1.6207162401437467,200.5,11999
sarsa,2,30,33.93000000000002,12.969525820167812,0.0,1.0,0.1,13.7,1.9581326810001225,165.6,12999
sarsa,2,30,35.25166666666667,13.124325273662214,0.0,1.0,0.13333333333333333,18.3,2.136390392086531,154.03333333333333,13999
sarsa,2,30,23.866666666666678,14.715979598910675,0.0,1.0,0.13333333333333333,41.266666666666666,1.7934534407898053,181.13333333333333,14999
sarsa,2,30,26.46500000000002,14.486454305085585,0.0,1.0,0.13333333333333333,11.0,1.6784331067966554,194.9,15999
sarsa,2,30,33.855000000000004,13.922777201406326,0.0,1.0,0.13333333333333333,24.3,2.078969772455017,154.76666666666668,16999
sarsa,2,30,33.58500000000001,15.809734079568399,0.0,1.0,0.23333333333333334,22.6,2.169653059350192,149.23333333333332,17999
sarsa,2,30,33.34666666666667,15.834671522397356,0.0,1.0,0.2,27.633333333333333,2.1882157386467367,148.8,18999
sarsa,2,30,27.321666666666676,11.90123021185438,0.0,1.0,0.06666666666666667,7.8,1.6117776688786105,199.43333333333334,19999
sarsa,3,30,-60.726666666666624,40.12993424143909,0.3,0.3,0.43333333333333335,3.8666666666666667,1.1846576921478131,210.6,999
sarsa,3,30,-65.88166666666666,45.46583237870929,0.4,0.2,0.43333333333333335,21.766666666666666,1.237395894336223,192.1,1999
sarsa,3,30,-29.184999999999985,52.50457940345144,0.36666666666666664,0.6333333333333333,0.4,12.733333333333333,1.5936994350422078,161.43333333333334,2999
sarsa,3,30,-17.061666666666664,47.2700798309271,0.13333333333333333,0.7666666666666667,0.7666666666666667,26.766666666666666,1.600697155226985,200.9,3999
sarsa,3,30,2.991666666666664,52.24791875174446,0.16666666666666666,0.8333333333333334,0.3333333333333333,25.766666666666666,1.974956171012451,160.76666666666668,4999
sarsa,3,30,21.418333333333365,31.335569468080333,0.06666666666666667,0.9333333333333333,0.16666666666666666,17.033333333333335,1.869197992447666,170.03333333333333,5999
sarsa,3,30,19.136666666666713,27.867259563070732,0.0,0.9666666666666667,0.26666666666666666,9.6,1.6073933024436828,205.2,6999
sarsa,3,30,23.878333333333362,17.73762800439283,0.0,0.9666666666666667,0.06666666666666667,6.133333333333334,1.532958253252757,206.96666666666667,7999
sarsa,3,30,22.523333333333365,24.502362924601538,0.03333333333333333,0.9666666666666667,0.16666666666666666,10.866666666666667,1.7537343040401394,187.46666666666667,8999
sarsa,3,30,28.151666666666674,23.52282750625206,0.03333333333333333,0.9666666666666667,0.06666666666666667,10.633333333333333,1.7932596733920922,175.43333333333334,9999
sarsa,3,30,23.848333333333354,23.38757677105992,0.03333333333333333,0.9666666666666667,0.2,6.233333333333333,1.7486733405077124,185.3,10999
sarsa,3,30,30.370000000000008,23.906287875786987,0.03333333333333333,0.9666666666666667,0.03333333333333333,10.3,1.850334494292978,170.06666666666666,11999
sarsa,3,30,33.25666666666668,13.382580302600655,0.0,1.0,0.16666666666666666,15.6,1.9859587870770876,161.4,12999
sarsa,3,30,36.83500000000001,12.547995523854256,0.0,1.0,0.1,21.466666666666665,2.1503673724132466,147.7,13999
sarsa,3,30,36.95000000000001,10.737496604578414,0.0,1.0,0.0,12.566666666666666,1.9510019076871077,162.4,14999
sarsa,3,30,36.27833333333333,10.254232324048225,0.0,1.0,0.13333333333333333,15.633333333333333,2.0825607532792687,152.16666666666666,15999
sarsa,3,30,32.79333333333336,13.872603296505734,0.0,1.0,0.1,13.0,1.891770354274036,170.66666666666666,16999
sarsa,3,30,23.503333333333337,13.10602236463154,0.0,1.0,0.26666666666666666,7.6,1.628830756840049,198.93333333333334,17999
sarsa,3,30,32.42333333333334,12.777550191209919,0.0,1.0,0.16666666666666666,17.833333333333332,1.967678863035397,163.0,18999
sarsa,3,30,32.88333333333335,13.440847774187771,0.0,1.0,0.13333333333333333,27.966666666666665,2.0715386213457716,155.8,19999
sarsa,4,30,-58.026666666666664,38.747638064216964,0.6666666666666666,0.3,0.5666666666666667,5.2,2.175077512980304,104.8,999
sarsa,4,30,-66.11000000000001,31.000412362848817,0.13333333333333333,0.1,0.2,8.366666666666667,0.7258169338932329,258.8,1999
sarsa,4,30,-40.05666666666666,43.79957331096072,0.23333333333333334,0.5333333333333333,0.5666666666666667,27.066666666666666,1.2999549881409325,210.46666666666667,2999
sarsa,4,30,2.9050000000000176,42.59485170377597,0.16666666666666666,0.8333333333333334,0.5333333333333333,9.4,1.8448930436128796,156.83333333333334,3999
sarsa,4,30,-46.295000000000066,58.53327735855343,0.23333333333333334,0.43333333333333335,0.43333333333333335,54.86666666666667,1.6658016136406824,185.63333333333333,4999
sarsa,4,30,19.363333333333355,38.549271357863844,0.06666666666666667,0.9333333333333333,0.26666666666666666,13.866666666666667,2.015928888897314,159.66666666666666,5999
sarsa,4,30,23.923333333333346,24.221308570944068,0.0,1.0,0.5666666666666667,17.766666666666666,2.1829061992464456,150.4,6999
sarsa,4,30,24.48666666666667,35.494872712673434,0.06666666666666667,0.9333333333333333,0.23333333333333334,15.833333333333334,2.0216031003965775,154.0,7999
sarsa,4,30,30.913333333333348,14.656118934500416,0.0,1.0,0.3333333333333333,19.366666666666667,2.1100481740406765,154.6,8999
sarsa,4,30,28.14000000000002,35.42493801453056,0.06666666666666667,0.9333333333333333,0.1,12.866666666666667,2.0840121265006517,151.13333333333333,9999
sarsa,4,30,28.14333333333334,19.816494532473573,0.0,0.9666666666666667,0.03333333333333333,3.3333333333333335,1.6932651770663136,195.6,10999
sarsa,4,30,35.12833333333334,11.768550486595842,0.0,1.0,0.1,22.766666666666666,2.0916002262079854,153.63333333333333,11999
sarsa,4,30,36.58166666666668,15.45025611078627,0.0,1.0,0.1,15.5,2.137676288843863,153.63333333333333,12999
sarsa,4,30,28.72500000000002,13.01258845631156,0.0,1.0,0.1,31.133333333333333,1.9065658573309663,172.5,13999
sarsa,4,30,31.580000000000023,17.16291350557938,0.0,1.0,0.13333333333333333,6.1,1.8886414012180395,178.33333333333334,14999
sarsa,4,30,36.330000000000005,9.801340044436099,0.0,1.0,0.0,16.033333333333335,1.9557002507128622,162.06666666666666,15999
sarsa,4,30,24.831666666666667,24.42475002715256,0.0,0.9666666666666667,0.16666666666666666,41.06666666666667,1.9605922136658913,168.03333333333333,16999
sarsa,4,30,26.951666666666668,18.725710860264343,0.0,0.9666666666666667,0.03333333333333333,9.4,1.6964160682320901,195.63333333333333,17999
sarsa,4,30,36.66166666666667,10.767363367551441,0.0,1.0,0.06666666666666667,21.066666666666666,2.1058095208136285,151.56666666666666,18999
sarsa,4,30,35.13666666666667,13.202713946592775,0.0,1.0,0.1,5.733333333333333,1.9691407188989094,167.2,19999
expected_sarsa,0,30,-59.71499999999996,40.15098826097971,0.3,0.3333333333333333,0.6,35.43333333333333,1.3314870391602391,200.03333333333333,999
expected_sarsa,0,30,-42.226666666666695,52.943988851951424,0.23333333333333334,0.5666666666666667,0.8666666666666667,11.4,1.7506948177372847,175.46666666666667,1999
expected_sarsa,0,30,-19.48166666666667,51.561047124312374,0.16666666666666666,0.7,0.7,30.533333333333335,1.8778828289374636,176.83333333333334,2999
expected_sarsa,0,30,0.4650000000000451,38.104547300814396,0.06666666666666667,0.8666666666666667,0.5333333333333333,20.3,1.5933238612027079,201.5,3999
expected_sarsa,0,30,5.0433333333333445,28.69935171548115,0.03333333333333333,0.9666666666666667,0.8,17.333333333333332,1.6839924682811995,195.2,4999
expected_sarsa,0,30,9.65666666666667,33.05837950589166,0.03333333333333333,0.9666666666666667,0.36666666666666664,14.8,1.7816911157552788,184.8,5999
expected_sarsa,0,30,24.89333333333334,31.316645556139775,0.06666666666666667,0.9333333333333333,0.23333333333333334,29.033333333333335,2.2087099890285815,139.66666666666666,6999
expected_sarsa,0,30,22.161666666666616,46.40929986423953,0.0,1.0,0.23333333333333334,30.733333333333334,2.3329655191167045,141.16666666666666,7999
expected_sarsa,0,30,33.279999999999994,26.082480071240663,0.03333333333333333,0.9666666666666667,0.06666666666666667,22.266666666666666,2.2095041021776995,143.4,8999
expected_sarsa,0,30,33.510000000000005,25.298407064477395,0.03333333333333333,0.9666666666666667,0.16666666666666666,17.233333333333334,2.4390705351016906,135.2,9999
expected_sarsa,0,30,34.655,33.88100340407094,0.06666666666666667,0.9333333333333333,0.1,16.633333333333333,2.572729056695243,122.56666666666666,10999
expected_sarsa,0,30,37.09333333333334,25.059461730496565,0.03333333333333333,0.9666666666666667,0.06666666666666667,17.266666666666666,2.488148598987539,133.33333333333334,11999
expected_sarsa,0,30,38.11000000000001,11.911978565013161,0.0,1.0,0.06666666666666667,21.666666666666668,2.240865799275715,145.26666666666668,12999
expected_sarsa,0,30,37.94833333333335,12.220089220441693,0.0,1.0,0.1,19.933333333333334,2.26412103856722,144.63333333333333,13999
expected_sarsa,0,30,37.27000000000001,13.053502722768828,0.0,1.0,0.13333333333333333,24.166666666666668,2.310871219371528,141.33333333333334,14999
expected_sarsa,0,30,39.89333333333333,11.815327145515484,0.0,1.0,0.13333333333333333,19.766666666666666,2.3577960981013315,134.13333333333333,15999
expected_sarsa,0,30,41.180000000000014,12.304048114340247,0.0,1.0,0.06666666666666667,17.466666666666665,2.4141946785444715,136.4,16999
expected_sarsa,0,30,36.53333333333333,12.261398325186615,0.0,1.0,0.06666666666666667,33.233333333333334,2.2391256192284477,142.4,17999
expected_sarsa,0,30,33.68666666666668,13.117830952138716,0.0,1.0,0.2,22.066666666666666,2.1522990517354303,151.86666666666667,18999
expected_sarsa,0,30,39.82666666666667,11.721922007740686,0.0,1.0,0.06666666666666667,18.833333333333332,2.3486846167598916,140.6,19999
expected_sarsa,1,30,-34.264999999999944,48.73004403513986,0.4666666666666667,0.4666666666666667,0.36666666666666664,4.3,1.985854471166693,144.1,999
expected_sarsa,1,30,-62.96166666666665,35.58745023022705,0.26666666666666666,0.16666666666666666,0.3,23.266666666666666,1.1581077212495212,219.63333333333333,1999
expected_sarsa,1,30,-28.286666666666594,51.79571239226492,0.3,0.6333333333333333,0.6333333333333333,8.933333333333334,1.5124954086124915,187.46666666666667,2999
expected_sarsa,1,30,-22.475000000000055,51.08108545897074,0.23333333333333334,0.6666666666666666,0.5333333333333333,47.4,1.7754830355745064,174.96666666666667,3999
expected_sarsa,1,30,8.34500000000003,37.01201235184779,0.1,0.9,0.5,15.233333333333333,1.9608818925806155,155.83333333333334,4999
expected_sarsa,1,30,5.073333333333335,46.166847292065455,0.06666666666666667,0.9333333333333333,0.43333333333333335,16.133333333333333,2.001674725681257,162.8,5999
expected_sarsa,1,30,17.878333333333362,34.56360485475373,0.06666666666666667,0.9333333333333333,0.4,22.066666666666666,2.021098901331149,157.03333333333333,6999
expected_sarsa,1,30,26.870000000000008,25.834829849126795,0.03333333333333333,0.9666666666666667,0.2,26.866666666666667,2.0889580920205506,156.6,7999
expected_sarsa,1,30,20.401666666666742,21.715100288867074,0.03333333333333333,0.9666666666666667,0.06666666666666667,16.333333333333332,1.5693146691767332,201.36666666666667,8999
expected_sarsa,1,30,38.794999999999995,12.502728702167378,0.0,1.0,0.16666666666666666,27.233333333333334,2.466611863966608,130.1,9999
expected_sarsa,1,30,38.978333333333346,11.486395455300817,0.0,1.0,0.03333333333333333,17.766666666666666,2.158781170609061,147.63333333333333,10999
expected_sarsa,1,30,38.94166666666668,12.629839556471886,0.0,1.0,0.1,22.766666666666666,2.325947959467723,138.36666666666667,11999
expected_sarsa,1,30,33.101666666666674,23.539093310679764,0.03333333333333333,0.9666666666666667,0.1,21.0,2.220673469646166,144.23333333333332,12999
expected_sarsa,1,30,38.80333333333333,12.442366691626185,0.0,1.0,0.16666666666666666,21.633333333333333,2.403615725103173,134.46666666666667,13999
expected_sarsa,1,30,40.761666666666656,14.292099701894353,0.0,1.0,0.1,19.0,2.4198374145598875,134.16666666666666,14999
expected_sarsa,1,30,38.220000000000006,14.057777206941351,0.0,1.0,0.1,25.7,2.3515137877552803,138.93333333333334,15999
expected_sarsa,1,30,36.53000000000001,14.140129655228288,0.0,1.0,0.06666666666666667,29.933333333333334,2.2292450003616806,145.0,16999
expected_sarsa,1,30,42.19333333333335,11.42569278230232,0.0,1.0,0.06666666666666667,19.2,2.457778498118118,130.93333333333334,17999
expected_sarsa,1,30,38.025000000000006,12.202190718610048,0.0,1.0,0.2,24.233333333333334,2.4073904041973213,132.9,18999
expected_sarsa,1,30,40.660000000000004,12.192835327901923,0.0,1.0,0.1,23.8,2.501148336596064,130.8,19999
expected_sarsa,2,30,-45.986666666666615,53.92630454817232,0.4,0.4,0.4,5.5,1.4991760317921394,175.33333333333334,999
expected_sarsa,2,30,-41.32999999999997,48.53304819055432,0.3,0.4,0.5333333333333333,8.166666666666666,1.5210541358375038,182.6,1999
expected_sarsa,2,30,-21.03166666666668,44.79061561557537,0.16666666666666666,0.7333333333333333,1.1333333333333333,15.9,1.8579118277727853,172.7,2999
expected_sarsa,2,30,-67.29000000000019,43.536895081451846,0.06666666666666667,0.4666666666666667,0.8666666666666667,112.2,1.0015130419292624,257.46666666666664,3999
expected_sarsa,2,30,23.896666666666718,18.08434835860981,0.0,1.0,0.5333333333333333,19.933333333333334,2.0055285355185304,166.06666666666666,4999
expected_sarsa,2,30,29.76500000000002,17.364072822929504,0.0,1.0,0.3,22.8,2.261577392700669,143.63333333333333,5999
expected_sarsa,2,30,23.673333333333286,41.824999966792994,0.0,1.0,0.16666666666666666,21.6,2.3066022074093477,139.6,6999
expected_sarsa,2,30,24.768333333333338,42.46268064103138,0.1,0.9,0.23333333333333334,17.5,2.387198998801502,131.23333333333332,7999
expected_sarsa,2,30,36.96666666666668,14.831606641074163,0.0,1.0,0.13333333333333333,19.666666666666668,2.349511786407512,137.4,8999
expected_sarsa,2,30,35.18833333333334,23.94129167823286,0.03333333333333333,0.9666666666666667,0.06666666666666667,25.0,2.291658357188083,135.5,9999
expected_sarsa,2,30,36.316666666666684,12.122605147226196,0.0,1.0,0.13333333333333333,18.266666666666666,2.170987065992783,149.73333333333332,10999
expected_sarsa,2,30,40.4,9.906462537152194,0.0,1.0,0.1,25.2,2.423701338946775,130.6,11999
expected_sarsa,2,30,38.86000000000001,10.902074726093792,0.0,1.0,0.06666666666666667,21.233333333333334,2.235899609318978,142.53333333333333,12999
expected_sarsa,2,30,40.42833333333333,11.11841328107966,0.0,1.0,0.0,19.8,2.2878378783463185,142.76666666666668,13999
expected_sarsa,2,30,39.33333333333334,11.297730843944814,0.0,1.0,0.13333333333333333,23.433333333333334,2.3958856284007592,133.6,14999
expected_sarsa,2,30,42.43333333333332,9.493290027991112,0.0,1.0,0.03333333333333333,22.566666666666666,2.4321576994133167,130.0,15999
expected_sarsa,2,30,39.18166666666668,12.886759893609991,0.0,1.0,0.1,24.1,2.3982119460107616,136.23333333333332,16999
expected_sarsa,2,30,41.83833333333333,11.301310273100578,0.0,1.0,0.1,17.966666666666665,2.4607023826171304,130.63333333333333,17999
expected_sarsa,2,30,37.596666666666685,11.679204691340155,0.0,1.0,0.03333333333333333,32.03333333333333,2.3001274914230128,141.6,18999
expected_sarsa,2,30,38.30833333333333,10.401635154574917,0.0,1.0,0.13333333333333333,20.9,2.3046899043237334,139.7,19999
expected_sarsa,3,30,-42.94666666666661,52.34805780117881,0.3,0.6666666666666666,1.2333333333333334,26.2,1.468980844959416,185.13333333333333,999
expected_sarsa,3,30,-35.519999999999975,53.95996447984994,0.36666666666666664,0.5666666666666667,0.5,26.8,1.4953817386346915,181.53333333333333,1999
expected_sarsa,3,30,-14.871666666666666,33.014705519746144,0.06666666666666667,0.9,0.5333333333333333,28.933333333333334,1.3174920242404935,230.16666666666666,2999
expected_sarsa,3,30,-15.629999999999978,41.184741511066136,0.16666666666666666,0.8333333333333334,0.7333333333333333,23.4,1.6527451520032364,182.2,3999
expected_sarsa,3,30,-19.648333333333337,46.52924973127719,0.03333333333333333,0.6666666666666666,0.5,23.833333333333332,1.4165072188707055,219.9,4999
expected_sarsa,3,30,-0.03166666666661608,38.78038267675497,0.06666666666666667,0.9,0.26666666666666666,14.4,1.4924233483324747,219.23333333333332,5999
expected_sarsa,3,30,9.751666666666704,33.73002491187269,0.03333333333333333,0.9333333333333333,0.3333333333333333,35.0,1.6353320404791627,197.16666666666666,6999
expected_sarsa,3,30,18.110000000000028,32.11316292944892,0.06666666666666667,0.9,0.2,17.566666666666666,1.9402527670370668,171.4,7999
expected_sarsa,3,30,23.228333333333353,26.421691477942037,0.03333333333333333,0.9666666666666667,0.3,23.233333333333334,1.949384581208154,167.03333333333333,8999
expected_sarsa,3,30,33.530000000000015,19.284530069462395,0.0,1.0,0.1,17.233333333333334,2.010023018540352,158.33333333333334,9999
expected_sarsa,3,30,30.11333333333334,24.934630982274868,0.03333333333333333,0.9666666666666667,0.26666666666666666,21.133333333333333,2.278549865799599,142.06666666666666,10999
expected_sarsa,3,30,31.91000000000001,27.077907353905076,0.03333333333333333,0.9666666666666667,0.1,18.633333333333333,2.135965575603793,147.8,11999
expected_sarsa,3,30,38.25000000000001,13.907923401188729,0.0,1.0,0.13333333333333333,10.7,2.1836715548727903,148.13333333333333,12999
expected_sarsa,3,30,37.89666666666668,13.589627989348662,0.0,1.0,0.06666666666666667,18.666666666666668,2.181904005748884,148.53333333333333,13999
expected_sarsa,3,30,38.730000000000004,14.078923964564904,0.0,1.0,0.1,10.466666666666667,2.189954325187733,149.06666666666666,14999
expected_sarsa,3,30,38.50833333333334,13.978889341511435,0.0,1.0,0.06666666666666667,21.833333333333332,2.262173509021556,143.5,15999
expected_sarsa,3,30,39.44166666666667,13.91040427961107,0.0,1.0,0.1,12.466666666666667,2.2387243373695918,144.7,16999
expected_sarsa,3,30,39.230000000000004,13.89448691627966,0.0,1.0,0.1,10.933333333333334,2.177823292535306,146.66666666666666,17999
expected_sarsa,3,30,40.22166666666667,12.367239541987077,0.0,1.0,0.0,11.6,2.163545256477683,150.1,18999
expected_sarsa,3,30,39.531666666666666,17.52313938450781,0.0,1.0,0.13333333333333333,16.633333333333333,2.3788449164792116,138.43333333333334,19999
expected_sarsa,4,30,-70.58500000000014,52.73655934611864,0.26666666666666666,0.43333333333333335,0.6666666666666666,17.366666666666667,1.4219975591094705,201.03333333333333,999
expected_sarsa,4,30,-28.86166666666666,45.40507806279929,0.16666666666666666,0.6666666666666666,0.7666666666666667,25.566666666666666,1.3689240895405312,206.03333333333333,1999
expected_sarsa,4,30,-112.74333333333337,131.36636158300004,0.16666666666666666,0.1,0.13333333333333333,56.666666666666664,0.9462427203458073,243.86666666666667,2999
expected_sarsa,4,30,-58.36166666666665,35.575564374378615,0.06666666666666667,0.16666666666666666,0.16666666666666666,19.133333333333333,0.7267534587009372,261.9,3999
expected_sarsa,4,30,-1.5849999999999729,47.043526210662954,0.2,0.7666666666666667,0.2,14.533333333333333,1.8871523537938524,164.36666666666667,4999
expected_sarsa,4,30,7.838333333333328,47.6985598722738,0.2,0.8,0.43333333333333335,27.533333333333335,2.582127716384623,113.56666666666666,5999
expected_sarsa,4,30,39.00333333333333,13.546813483456368,0.0,1.0,0.13333333333333333,14.866666666666667,2.2394694224450693,141.8,6999
expected_sarsa,4,30,18.983333333333306,51.74388584385822,0.1,0.9,0.13333333333333333,19.033333333333335,2.331014872399115,132.06666666666666,7999
expected_sarsa,4,30,36.135000000000005,15.426747064757343,0.0,1.0,0.3333333333333333,16.366666666666667,2.4855445756353594,133.56666666666666,8999
expected_sarsa,4,30,38.261666666666684,14.44560304114099,0.0,1.0,0.1,21.8,2.3220262559460187,140.63333333333333,9999
expected_sarsa,4,30,32.54500000000002,15.259654594168655,0.0,1.0,0.16666666666666666,13.633333333333333,1.952763204614547,165.1,10999
expected_sarsa,4,30,36.10000000000001,10.355883995745272,0.0,1.0,0.06666666666666667,36.93333333333333,2.3028811882183864,141.0,11999
expected_sarsa,4,30,36.59666666666668,13.599962826746573,0.0,1.0,0.2,17.1,2.2938575422745022,144.26666666666668,12999
expected_sarsa,4,30,35.83166666666667,13.548428465651966,0.0,1.0,0.13333333333333333,27.333333333333332,2.2642905404777514,144.5,13999
expected_sarsa,4,30,39.080000000000005,13.427792074648742,0.0,1.0,0.06666666666666667,19.333333333333332,2.3351451586882375,143.2,14999
expected_sarsa,4,30,34.793333333333344,13.220039922615781,0.0,1.0,0.1,22.366666666666667,2.1090406522860428,155.2,15999
expected_sarsa,4,30,40.265000000000015,13.485239770455186,0.0,1.0,0.06666666666666667,18.3,2.376435896792606,139.3,16999
expected_sarsa,4,30,41.143333333333345,12.394627420333716,0.0,1.0,0.03333333333333333,17.7,2.3624598360703644,139.0,17999
expected_sarsa,4,30,41.37833333333334,12.426065905542613,0.0,1.0,0.13333333333333333,17.466666666666665,2.5235437967725716,130.23333333333332,18999
expected_sarsa,4,30,40.455000000000005,10.51851027157997,0.0,1.0,0.16666666666666666,21.133333333333333,2.4719003729887907,128.36666666666667,19999
monte_carlo,0,30,-75.44833333333331,27.236010119366306,0.9333333333333333,0.06666666666666667,0.26666666666666666,5.133333333333334,2.9298733011439846,45.166666666666664,999
monte_carlo,0,30,-74.54833333333333,27.900237404406138,0.9333333333333333,0.06666666666666667,0.3,3.533333333333333,2.95359807490366,49.5,1999
monte_carlo,0,30,-73.21000000000001,27.444979504455805,0.9333333333333333,0.06666666666666667,0.23333333333333334,3.8333333333333335,2.869936530784296,42.4,2999
monte_carlo,0,30,-62.213333333333374,41.77219755876976,0.6666666666666666,0.2,0.3,20.333333333333332,2.2947406580205656,100.4,3999
monte_carlo,0,30,-64.50333333333334,35.206332132476156,0.6333333333333333,0.16666666666666666,0.2,9.6,1.8705455078235529,122.66666666666667,4999
monte_carlo,0,30,-53.173333333333325,46.04191701289406,0.4666666666666667,0.3,0.4666666666666667,17.7,1.7337234564835142,148.93333333333334,5999
monte_carlo,0,30,-32.37833333333332,52.29286548426616,0.43333333333333335,0.5333333333333333,0.36666666666666664,42.0,1.9534196211787362,126.5,6999
monte_carlo,0,30,-25.959999999999976,51.5500265114707,0.3333333333333333,0.6333333333333333,0.6,39.766666666666666,1.881991158727631,145.0,7999
monte_carlo,0,30,-12.831666666666623,47.785720467055334,0.23333333333333334,0.7333333333333333,0.5,38.833333333333336,1.7909543906667171,155.83333333333334,8999
monte_carlo,0,30,-16.56333333333324,44.64786469947046,0.2,0.7666666666666667,0.5,33.2,1.5013435050956185,198.0,9999
monte_carlo,0,30,-13.10999999999997,42.21343467033531,0.2,0.7333333333333333,0.4666666666666667,31.566666666666666,1.5897203594939162,179.2,10999
monte_carlo,0,30,-14.013333333333213,32.59882905190856,0.1,0.7666666666666667,0.26666666666666666,27.366666666666667,1.2132523582084285,245.06666666666666,11999
monte_carlo,0,30,-14.013333333333213,32.59882905190856,0.1,0.7666666666666667,0.26666666666666666,27.366666666666667,1.2132523582084285,245.06666666666666,12999
monte_carlo,0,30,-6.209999999999881,30.135237956031943,0.1,0.8666666666666667,0.5333333333333333,21.533333333333335,1.4271671043045135,218.66666666666666,13999
monte_carlo,0,30,-30.17833333333328,29.03459626989072,0.1,0.8333333333333334,0.5666666666666667,132.43333333333334,1.438885023684412,218.03333333333333,14999
monte_carlo,0,30,-1.7366666666665305,26.46797729752356,0.06666666666666667,0.8666666666666667,0.23333333333333334,15.866666666666667,1.2785095588852449,244.06666666666666,15999
monte_carlo,0,30,-42.65666666666662,34.55881395855798,0.06666666666666667,0.3333333333333333,0.3333333333333333,17.7,1.0101359760402955,274.8,16999
monte_carlo,0,30,-2.659999999999886,23.14019374738827,0.03333333333333333,0.9,0.5666666666666667,22.366666666666667,1.3738960357340024,233.33333333333334,17999
monte_carlo,0,30,-2.7249999999998824,25.687256081566993,0.06666666666666667,0.9,0.5333333333333333,19.966666666666665,1.3978037351566797,227.43333333333334,18999
monte_carlo,0,30,-3.153333333333302,41.68673836552285,0.16666666666666666,0.7666666666666667,0.26666666666666666,35.56666666666667,1.7188032191980724,173.86666666666667,19999
monte_carlo,1,30,-79.69166666666663,26.919543963860608,0.9,0.06666666666666667,0.4666666666666667,6.3,2.546974348667596,62.233333333333334,999
monte_carlo,1,30,-48.546666666666646,50.83648449249375,0.6333333333333333,0.3333333333333333,0.3333333333333333,5.966666666666667,2.0168552537157343,107.33333333333333,1999
monte_carlo,1,30,-72.395,25.501167783717918,0.6,0.06666666666666667,0.2,6.366666666666666,1.5426750599356487,139.23333333333332,2999
monte_carlo,1,30,-34.99333333333331,47.62364737070115,0.2,0.43333333333333335,0.36666666666666664,10.066666666666666,1.294425398776926,198.33333333333334,3999
monte_carlo,1,30,-64.11999999999999,40.81999020088078,0.3333333333333333,0.2,0.36666666666666664,11.5,1.2894765224650289,197.26666666666668,4999
monte_carlo,1,30,-25.37499999999998,51.905692927975956,0.06666666666666667,0.5333333333333333,0.4666666666666667,15.833333333333334,1.2237442193973889,214.9,5999
monte_carlo,1,30,-32.918333333333315,51.553956335948556,0.1,0.43333333333333335,0.3333333333333333,21.133333333333333,1.2216225760516737,214.16666666666666,6999
monte_carlo,1,30,-35.578333333333305,49.61797336203442,0.03333333333333333,0.43333333333333335,0.4666666666666667,9.2,0.9436197952147308,238.76666666666668,7999
monte_carlo,1,30,-36.51833333333332,48.645298648025154,0.03333333333333333,0.43333333333333335,0.5,9.666666666666666,0.9326883251152638,240.16666666666666,8999
monte_carlo,1,30,-3.8899999999999557,41.640646008437486,0.03333333333333333,0.8333333333333334,0.7666666666666667,14.633333333333333,1.462598430700965,200.93333333333334,9999
monte_carlo,1,30,-26.239999999999917,39.62419378780263,0.03333333333333333,0.7666666666666667,0.6,68.56666666666666,1.1178308632609448,250.6,10999
monte_carlo,1,30,-19.143333333333285,39.904084447028275,0.03333333333333333,0.7333333333333333,0.5666666666666667,21.466666666666665,1.0783904707872198,252.53333333333333,11999
monte_carlo,1,30,-17.751666666666612,35.625532705568936,0.03333333333333333,0.8,0.5333333333333333,38.93333333333333,1.096089283902108,249.56666666666666,12999
monte_carlo,1,30,-37.131666666666746,42.14010062346273,0.03333333333333333,0.6,1.0,29.2,1.1034321900452608,252.3,13999
monte_carlo,1,30,-37.131666666666746,42.14010062346273,0.03333333333333333,0.6,1.0,29.2,1.1034321900452608,252.3,14999
monte_carlo,1,30,-16.026666666666657,47.38676104380023,0.06666666666666667,0.6666666666666666,0.7,25.433333333333334,1.5147999311278706,191.4,15999
monte_carlo,1,30,0.27333333333334126,39.54814098735307,0.1,0.9,0.8666666666666667,32.63333333333333,1.8707669668798994,157.93333333333334,16999
monte_carlo,1,30,-0.4916666666666546,42.86695907754077,0.1,0.9,0.8666666666666667,32.46666666666667,1.8580537233333227,162.23333333333332,17999
monte_carlo,1,30,2.9983333333333424,33.86039594997213,0.06666666666666667,0.9333333333333333,0.8666666666666667,32.53333333333333,1.8433589876657983,164.9,18999
monte_carlo,1,30,2.7316666666666776,34.316059125268005,0.06666666666666667,0.9333333333333333,0.8666666666666667,32.333333333333336,1.8450454985773215,164.76666666666668,19999
monte_carlo,2,30,-72.57999999999998,28.131609149377383,0.6666666666666666,0.1,0.3,2.2666666666666666,1.7004726884788492,134.66666666666666,999
monte_carlo,2,30,-84.36499999999998,26.971930316534635,0.7,0.1,0.5666666666666667,29.233333333333334,2.0577050912476578,114.3,1999
monte_carlo,2,30,-58.17166666666666,43.75673602112278,0.26666666666666666,0.2,0.1,7.6,0.7658052402429548,226.76666666666668,2999
monte_carlo,2,30,-36.65833333333325,40.93062847333551,0.06666666666666667,0.36666666666666664,0.26666666666666666,12.2,1.004270712791462,262.23333333333335,3999
monte_carlo,2,30,-71.63833333333346,38.21751492735023,0.0,0.1,0.03333333333333333,90.23333333333333,0.561556872410464,291.8333333333333,4999
monte_carlo,2,30,-73.39333333333333,10.922429013527891,0.13333333333333333,0.0,0.1,3.466666666666667,0.3644878280973753,270.3333333333333,5999
monte_carlo,2,30,-72.71500000000002,8.004385776976656,0.0,0.03333333333333333,0.06666666666666667,3.966666666666667,0.14958718861209963,299.3666666666667,6999
monte_carlo,2,30,-69.46,9.009489441694233,0.03333333333333333,0.03333333333333333,0.06666666666666667,5.066666666666666,0.2956492376741487,291.93333333333334,7999
monte_carlo,2,30,-72.605,8.056450314292654,0.0,0.03333333333333333,0.06666666666666667,3.966666666666667,0.1421427441676552,299.3666666666667,8999
monte_carlo,2,30,-56.24833333333326,21.44053592043716,0.0,0.13333333333333333,0.03333333333333333,10.066666666666666,0.5501036749467535,296.3666666666667,9999
monte_carlo,2,30,-33.85499999999986,32.78982908870775,0.03333333333333333,0.36666666666666664,0.06666666666666667,23.266666666666666,1.0214940770343537,274.5,10999
monte_carlo,2,30,-44.475000000000065,42.21238315549917,0.06666666666666667,0.4666666666666667,0.16666666666666666,86.36666666666666,1.0278229890520225,258.7,11999
monte_carlo,2,30,-10.126666666666589,38.66982831901666,0.03333333333333333,0.7333333333333333,0.2,27.566666666666666,1.229183524719964,245.4,12999
monte_carlo,2,30,-2.1999999999999544,40.86234411615011,0.06666666666666667,0.8333333333333334,0.16666666666666666,32.56666666666667,1.3238531801084628,228.66666666666666,13999
monte_carlo,2,30,-3.753333333333298,42.03065931224757,0.06666666666666667,0.8333333333333334,0.2,33.166666666666664,1.3222656475309715,229.06666666666666,14999
monte_carlo,2,30,-2.618333333333311,39.59910875119404,0.03333333333333333,0.8333333333333334,0.2,33.6,1.3120871411557438,237.03333333333333,15999
monte_carlo,2,30,-3.2849999999999757,39.52830873774731,0.03333333333333333,0.8333333333333334,0.23333333333333334,33.6,1.3120871411557438,237.03333333333333,16999
monte_carlo,2,30,-25.03166666666672,42.452319299290224,0.03333333333333333,0.6666666666666666,0.2,81.13333333333334,1.2138728145637419,248.83333333333334,17999
monte_carlo,2,30,-3.4816666666666314,43.851834783608425,0.13333333333333333,0.8,0.13333333333333333,32.5,1.4492502280923718,210.3,18999
monte_carlo,2,30,0.39833333333336884,39.96846357511827,0.1,0.8333333333333334,0.13333333333333333,32.36666666666667,1.4397567285480195,211.5,19999
monte_carlo,3,30,-65.1583333333333,33.59588041048423,0.8666666666666667,0.13333333333333333,0.2,1.7666666666666666,3.1054865843147628,49.3,999
monte_carlo,3,30,-49.57000000000003,48.94487307165075,0.5666666666666667,0.43333333333333335,0.6666666666666666,10.4,2.017294332609688,131.53333333333333,1999
monte_carlo,3,30,-54.22000000000003,45.86591617603063,0.6,0.36666666666666664,0.5,16.433333333333334,1.8081706391672214,139.93333333333334,2999
monte_carlo,3,30,-24.11666666666667,57.666075141474835,0.43333333333333335,0.5666666666666667,0.36666666666666664,5.666666666666667,1.9885584318142489,136.6,3999
monte_carlo,3,30,-57.39666666666664,33.478530267753534,0.2,0.13333333333333333,0.1,6.266666666666667,0.9569817661604957,239.2,4999
monte_carlo,3,30,-49.48499999999999,39.286840778221595,0.23333333333333334,0.26666666666666666,0.16666666666666666,6.133333333333334,1.1189528663764008,223.3,5999
monte_carlo,3,30,-39.16666666666664,52.54430564348106,0.2,0.36666666666666664,0.36666666666666664,6.233333333333333,1.351286729819538,203.93333333333334,6999
monte_carlo,3,30,-23.76666666666663,52.486127267646225,0.16666666666666666,0.5333333333333333,0.3,8.866666666666667,1.4807175377156157,196.86666666666667,7999
monte_carlo,3,30,5.44833333333335,47.29053725523625,0.16666666666666666,0.8333333333333334,0.4666666666666667,12.033333333333333,2.1443331767079936,148.9,8999
monte_carlo,3,30,7.048333333333348,45.84927204680814,0.16666666666666666,0.8333333333333334,0.43333333333333335,12.866666666666667,2.1591774113036593,145.1,9999
monte_carlo,3,30,7.9216666666666775,46.090551604664284,0.16666666666666666,0.8333333333333334,0.4666666666666667,12.366666666666667,2.213841032532362,139.36666666666667,10999
monte_carlo,3,30,10.635000000000018,43.0765581068559,0.13333333333333333,0.8666666666666667,0.5,12.333333333333334,2.1830617196652278,144.43333333333334,11999
monte_carlo,3,30,9.968333333333351,43.125306729988075,0.13333333333333333,0.8666666666666667,0.5333333333333333,12.333333333333334,2.1830617196652278,144.43333333333334,12999
monte_carlo,3,30,9.968333333333351,43.125306729988075,0.13333333333333333,0.8666666666666667,0.5333333333333333,12.333333333333334,2.1830617196652278,144.43333333333334,13999
monte_carlo,3,30,9.038333333333357,43.235189532241996,0.13333333333333333,0.8666666666666667,0.5333333333333333,12.833333333333334,2.1598525088136644,147.76666666666668,14999
monte_carlo,3,30,9.103333333333357,43.221693884231584,0.13333333333333333,0.8666666666666667,0.5333333333333333,12.433333333333334,2.1586675625771057,147.8,15999
monte_carlo,3,30,8.27333333333335,45.68111888102373,0.16666666666666666,0.8333333333333334,0.43333333333333335,11.6,2.185097529083804,142.33333333333334,16999
monte_carlo,3,30,8.27333333333335,45.68111888102373,0.16666666666666666,0.8333333333333334,0.43333333333333335,11.6,2.185097529083804,142.33333333333334,17999
monte_carlo,3,30,7.363333333333352,45.46265488165962,0.16666666666666666,0.8333333333333334,0.43333333333333335,11.733333333333333,2.1600685080505833,143.66666666666666,18999
monte_carlo,3,30,7.363333333333352,45.46265488165962,0.16666666666666666,0.8333333333333334,0.43333333333333335,11.733333333333333,2.1600685080505833,143.66666666666666,19999
monte_carlo,4,30,-76.97833333333334,32.32774268677326,0.9,0.06666666666666667,0.36666666666666664,11.2,2.6691988914494615,61.166666666666664,999
monte_carlo,4,30,-76.66499999999999,32.32533616736776,0.9333333333333333,0.06666666666666667,0.36666666666666664,3.0,2.721244861254941,50.3,1999
monte_carlo,4,30,-53.989999999999995,47.71345442674773,0.7666666666666667,0.23333333333333334,0.3,5.6,2.6439039568109615,67.4,2999
monte_carlo,4,30,-48.098333333333336,54.042624355430995,0.6333333333333333,0.36666666666666664,0.26666666666666666,8.833333333333334,2.1968866840422914,101.9,3999
monte_carlo,4,30,-36.078333333333326,56.707576923684144,0.5666666666666667,0.43333333333333335,0.23333333333333334,8.6,2.1730620289865485,109.16666666666667,4999
monte_carlo,4,30,-49.71833333333331,56.0574028464474,0.6333333333333333,0.36666666666666664,0.43333333333333335,16.533333333333335,2.123645881297678,115.96666666666667,5999
monte_carlo,4,30,-50.29499999999997,42.856604605747,0.23333333333333334,0.26666666666666666,0.43333333333333335,11.4,1.3465607032254856,211.83333333333334,6999
monte_carlo,4,30,-43.119999999999976,43.533953415696125,0.13333333333333333,0.3333333333333333,0.3333333333333333,19.966666666666665,1.23813474506381,222.2,7999
monte_carlo,4,30,-56.31333333333334,39.50802647001689,0.2,0.16666666666666666,0.3,10.633333333333333,1.1483890270238686,223.46666666666667,8999
monte_carlo,4,30,-51.61,42.03837810065147,0.2,0.2,0.26666666666666666,10.3,1.206715930482351,219.33333333333334,9999
monte_carlo,4,30,-5.296666666666656,50.83291081791621,0.26666666666666666,0.7333333333333333,0.43333333333333335,19.833333333333332,2.1112932150845523,137.93333333333334,10999
monte_carlo,4,30,-1.5866666666666518,48.02128683083045,0.23333333333333334,0.7666666666666667,0.43333333333333335,20.033333333333335,2.0753658006405136,141.6,11999
monte_carlo,4,30,1.5600000000000132,44.60872747194956,0.2,0.8,0.4666666666666667,21.933333333333334,2.077176835916753,143.86666666666667,12999
monte_carlo,4,30,-2.0799999999999845,47.81822804468327,0.23333333333333334,0.7666666666666667,0.43333333333333335,21.833333333333332,2.06098477160881,143.4,13999
monte_carlo,4,30,2.7666666666666826,44.083538751884355,0.16666666666666666,0.8333333333333334,0.43333333333333335,25.033333333333335,1.9984939597350266,156.8,14999
monte_carlo,4,30,2.228333333333349,44.06854638577901,0.16666666666666666,0.8333333333333334,0.43333333333333335,24.933333333333334,1.9970089228734096,157.03333333333333,15999
monte_carlo,4,30,2.7666666666666826,44.083538751884355,0.16666666666666666,0.8333333333333334,0.43333333333333335,25.033333333333335,1.9984939597350266,156.8,16999
monte_carlo,4,30,9.123333333333335,42.78624337590556,0.13333333333333333,0.8666666666666667,0.5666666666666667,25.233333333333334,2.2495283831232995,140.4,17999
monte_carlo,4,30,9.921666666666674,38.27700720479014,0.1,0.9,0.6333333333333333,26.633333333333333,2.124177253288446,148.43333333333334,18999
monte_carlo,4,30,-0.8083333333333315,52.33975557727499,0.2,0.8,0.6333333333333333,26.233333333333334,2.2182699115594033,139.3,19999
dyna_q,0,30,-27.285000000000007,59.111420427866555,0.5666666666666667,0.43333333333333335,0.4666666666666667,9.033333333333333,3.316324255613357,62.233333333333334,999
dyna_q,0,30,-24.94333333333333,62.1438918067487,0.5,0.5,0.6333333333333333,10.233333333333333,2.9549373830792782,82.6,1999
dyna_q,0,30,-23.674999999999997,60.7804378480445,0.5333333333333333,0.4666666666666667,0.36666666666666664,6.8,2.8126266872485064,80.7,2999
dyna_q,0,30,-13.643333333333333,60.35104905651783,0.43333333333333335,0.5666666666666667,0.3,21.566666666666666,2.7001378295548686,93.93333333333334,3999
dyna_q,0,30,33.250000000000014,27.10235537119728,0.03333333333333333,0.9666666666666667,0.4,8.166666666666666,2.4578294394947764,130.93333333333334,4999
dyna_q,0,30,18.310000000000006,48.872102471655545,0.2,0.8,0.1,13.933333333333334,2.5183584547383195,112.66666666666667,5999
dyna_q,0,30,11.413333333333336,50.458496036071296,0.23333333333333334,0.7666666666666667,0.3,10.6,2.7160695778862265,106.33333333333333,6999
dyna_q,0,30,18.063333333333333,45.26177919122883,0.16666666666666666,0.8333333333333334,0.3333333333333333,15.466666666666667,2.637923983716209,115.53333333333333,7999
dyna_q,0,30,34.34166666666669,22.852243082220344,0.0,0.9666666666666667,0.3333333333333333,11.433333333333334,2.3859417477813727,140.36666666666667,8999
dyna_q,0,30,29.03666666666669,34.196534749721174,0.06666666666666667,0.9333333333333333,0.26666666666666666,10.0,2.360479909758703,136.4,9999
dyna_q,0,30,34.03166666666667,24.17224125359959,0.03333333333333333,0.9666666666666667,0.23333333333333334,16.2,2.503378064153843,133.83333333333334,10999
dyna_q,0,30,40.47,13.483784088056773,0.0,1.0,0.23333333333333334,12.2,2.501698979322561,130.06666666666666,11999
dyna_q,0,30,39.835000000000015,16.03724908871008,0.0,1.0,0.3,9.566666666666666,2.6232963995971246,129.56666666666666,12999
dyna_q,0,30,40.283333333333346,16.19511414662526,0.0,1.0,0.26666666666666666,11.666666666666666,2.528011393915901,128.6,13999
dyna_q,0,30,30.891666666666683,23.819096272155704,0.03333333333333333,0.9666666666666667,0.3333333333333333,11.333333333333334,2.334554307206558,141.43333333333334,14999
dyna_q,0,30,35.22333333333335,25.458331096562897,0.03333333333333333,0.9666666666666667,0.26666666666666666,10.266666666666667,2.465219779566669,131.2,15999
dyna_q,0,30,28.29666666666668,35.42130228486179,0.06666666666666667,0.9333333333333333,0.3,6.766666666666667,2.32885675205507,138.33333333333334,16999
dyna_q,0,30,22.12833333333333,39.81820497237692,0.13333333333333333,0.8666666666666667,0.3333333333333333,8.966666666666667,2.498711370761134,121.56666666666666,17999
dyna_q,0,30,33.96666666666668,33.47935018618026,0.06666666666666667,0.9333333333333333,0.16666666666666666,8.933333333333334,2.4421425929850877,128.26666666666668,18999
dyna_q,0,30,31.535000000000004,34.35869407200066,0.06666666666666667,0.9333333333333333,0.26666666666666666,21.466666666666665,2.6366845080474506,118.03333333333333,19999
dyna_q,1,30,-32.12999999999997,50.44421109833452,0.4666666666666667,0.5333333333333333,0.6333333333333333,8.366666666666667,2.2116271868126693,122.4,999
dyna_q,1,30,-7.459999999999995,57.21834991212755,0.3333333333333333,0.6666666666666666,0.6333333333333333,11.333333333333334,2.5834695831662002,106.93333333333334,1999
dyna_q,1,30,7.49166666666667,55.95330952876892,0.23333333333333334,0.7666666666666667,0.5,17.866666666666667,2.6034728206920517,108.96666666666667,2999
dyna_q,1,30,10.821666666666681,46.24995258255827,0.16666666666666666,0.8333333333333334,0.5333333333333333,13.533333333333333,2.301266492866383,126.56666666666666,3999
dyna_q,1,30,9.506666666666673,54.24376113639449,0.26666666666666666,0.7333333333333333,0.23333333333333334,7.233333333333333,2.693784098408979,104.13333333333334,4999
dyna_q,1,30,31.406666666666673,27.608331270751503,0.03333333333333333,0.9666666666666667,0.43333333333333335,10.066666666666666,2.4275071417141305,134.2,5999
dyna_q,1,30,31.67500000000001,24.968993271655943,0.03333333333333333,0.9666666666666667,0.26666666666666666,13.366666666666667,2.215380889851271,141.96666666666667,6999
dyna_q,1,30,38.050000000000004,14.791529107341578,0.0,1.0,0.3333333333333333,12.5,2.5228884409510286,131.6,7999
dyna_q,1,30,40.99500000000001,16.064273767172484,0.0,1.0,0.2,11.833333333333334,2.500595054630395,130.9,8999
dyna_q,1,30,28.636666666666674,26.360073764860527,0.03333333333333333,0.9666666666666667,0.6666666666666666,12.733333333333333,2.6810917648245036,122.93333333333334,9999
dyna_q,1,30,36.08666666666668,12.831659631118972,0.0,1.0,0.23333333333333334,7.166666666666667,2.0873062958900723,151.53333333333333,10999
dyna_q,1,30,40.823333333333345,11.947027059296193,0.0,1.0,0.2,19.7,2.601010556112321,125.46666666666667,11999
dyna_q,1,30,22.358333333333338,45.19243499254665,0.16666666666666666,0.8333333333333334,0.23333333333333334,8.9,2.548124942617341,112.43333333333334,12999
dyna_q,1,30,36.44000000000001,25.25619527957447,0.03333333333333333,0.9666666666666667,0.3,9.9,2.571784022083057,122.46666666666667,13999
dyna_q,1,30,40.89666666666667,12.37934390650634,0.0,1.0,0.2,11.5,2.4059071384074233,131.53333333333333,14999
dyna_q,1,30,42.15333333333333,11.706956146762584,0.0,1.0,0.3,13.9,2.7494714203296606,116.66666666666667,15999
dyna_q,1,30,38.67166666666669,12.958161413650538,0.0,1.0,0.23333333333333334,10.233333333333333,2.386765914754848,138.76666666666668,16999
dyna_q,1,30,40.36,12.633371152098187,0.0,1.0,0.13333333333333333,11.2,2.3492704031447866,139.33333333333334,17999
dyna_q,1,30,37.545,14.601862609498358,0.0,1.0,0.26666666666666666,18.066666666666666,2.5488928102096464,134.3,18999
dyna_q,1,30,38.220000000000006,13.945116229944679,0.0,1.0,0.2,11.633333333333333,2.291801760019537,142.13333333333333,19999
dyna_q,2,30,-13.984999999999992,57.94339932209707,0.4,0.6,0.4666666666666667,12.4,2.4425758203294854,102.83333333333333,999
dyna_q,2,30,11.185000000000008,39.69952382166146,0.13333333333333333,0.8666666666666667,0.7,20.233333333333334,2.467967716192977,120.63333333333334,1999
dyna_q,2,30,8.32666666666667,48.62291937850799,0.2,0.8,0.7333333333333333,9.433333333333334,2.606053423710722,106.46666666666667,2999
dyna_q,2,30,6.656666666666672,46.47573333352458,0.16666666666666666,0.8333333333333334,0.4666666666666667,22.666666666666668,2.0174303549733836,143.66666666666666,3999
dyna_q,2,30,25.045,38.10651814322584,0.1,0.9,0.36666666666666664,22.1,2.5980334255762627,115.83333333333333,4999
dyna_q,2,30,32.18166666666668,13.738555742467556,0.0,1.0,0.36666666666666664,10.466666666666667,2.1208753248118892,153.76666666666668,5999
dyna_q,2,30,33.49166666666666,21.357134184050942,0.0,1.0,0.43333333333333335,14.033333333333333,2.4506096514022246,140.5,6999
dyna_q,2,30,35.35833333333335,14.083744076850493,0.0,1.0,0.13333333333333333,10.833333333333334,2.0712201707518982,159.43333333333334,7999
dyna_q,2,30,27.388333333333332,37.62675396428569,0.1,0.9,0.36666666666666664,14.9,2.686981202873589,113.3,8999
dyna_q,2,30,40.060000000000024,14.427401013349524,0.0,1.0,0.16666666666666666,8.5,2.3484838253226625,139.86666666666667,9999
dyna_q,2,30,38.79666666666669,13.3032448005072,0.0,1.0,0.26666666666666666,21.4,2.599032794205172,126.8,10999
dyna_q,2,30,38.37000000000002,16.42681040250965,0.0,1.0,0.3,13.3,2.517386386069368,132.26666666666668,11999
dyna_q,2,30,37.68666666666668,15.317223058447054,0.0,1.0,0.3333333333333333,12.4,2.551627449743115,133.0,12999
dyna_q,2,30,38.01,12.926383871756242,0.0,1.0,0.3333333333333333,9.3,2.4681445158860553,134.26666666666668,13999
dyna_q,2,30,29.65833333333334,36.033380550385345,0.1,0.9,0.2,15.233333333333333,2.6399809575295285,118.83333333333333,14999
dyna_q,2,30,19.805000000000007,49.299160489809566,0.2,0.8,0.2,11.6,2.6885471951242446,102.3,15999
dyna_q,2,30,38.08833333333335,14.556686226229095,0.0,1.0,0.26666666666666666,10.0,2.3862258127061438,138.56666666666666,16999
dyna_q,2,30,34.073333333333345,23.134457465482562,0.03333333333333333,0.9666666666666667,0.3333333333333333,11.6,2.5338286100295564,129.33333333333334,17999
dyna_q,2,30,41.611666666666686,14.100128151505874,0.0,1.0,0.16666666666666666,15.966666666666667,2.5688249531579244,127.83333333333333,18999
dyna_q,2,30,41.73333333333334,10.184885315450968,0.0,1.0,0.1,9.9,2.2963001946137362,137.46666666666667,19999
dyna_q,3,30,-26.944999999999997,55.771736196153455,0.5,0.5,0.8333333333333334,6.033333333333333,3.2565025705623643,73.63333333333334,999
dyna_q,3,30,-5.723333333333329,58.545600081380066,0.3333333333333333,0.6666666666666666,0.5666666666666667,10.466666666666667,2.642191585487849,99.0,1999
dyna_q,3,30,23.298333333333353,25.186598563962967,0.03333333333333333,0.9666666666666667,0.7666666666666667,12.5,2.312556320552079,135.9,2999
dyna_q,3,30,7.3650000000000055,49.89601378533827,0.2,0.8,0.5,12.8,2.275477935047026,128.76666666666668,3999
dyna_q,3,30,-1.1133333333333393,48.11501313404049,0.16666666666666666,0.8333333333333334,0.4,14.166666666666666,2.7222036427759564,107.73333333333333,4999
dyna_q,3,30,14.354999999999997,46.141576244568554,0.0,0.7666666666666667,0.43333333333333335,12.2,2.2755043713126577,158.9,5999
dyna_q,3,30,26.751666666666665,34.424113359033015,0.06666666666666667,0.9333333333333333,0.36666666666666664,20.6,2.4119166249404405,130.23333333333332,6999
dyna_q,3,30,17.170000000000005,52.39415934370294,0.2,0.8,0.3333333333333333,15.633333333333333,2.8166955242842704,103.8,7999
dyna_q,3,30,30.70666666666668,25.517627023077367,0.03333333333333333,0.9666666666666667,0.5666666666666667,13.133333333333333,2.615914850814195,121.86666666666666,8999
dyna_q,3,30,38.865,16.484983823670145,0.0,1.0,0.3333333333333333,12.933333333333334,2.6181316302452218,127.83333333333333,9999
dyna_q,3,30,33.226666666666674,32.00305645125512,0.06666666666666667,0.9333333333333333,0.2,21.0,2.6112773328084002,118.13333333333334,10999
dyna_q,3,30,34.93833333333334,14.787211159947939,0.0,1.0,0.36666666666666664,26.9,2.5362477320758794,129.76666666666668,11999
dyna_q,3,30,41.41,13.099277333756486,0.0,1.0,0.16666666666666666,9.466666666666667,2.456790529243871,133.86666666666667,12999
dyna_q,3,30,36.51166666666666,15.29052366300411,0.0,1.0,0.3333333333333333,12.966666666666667,2.348254330558294,137.3,13999
dyna_q,3,30,39.19333333333335,15.094688543399013,0.0,1.0,0.26666666666666666,7.5,2.4991604833538705,136.26666666666668,14999
dyna_q,3,30,41.126666666666665,13.573950133333403,0.0,1.0,0.2,11.433333333333334,2.4741137059178393,130.66666666666666,15999
dyna_q,3,30,37.26833333333334,12.670164977440306,0.0,1.0,0.2,14.833333333333334,2.3690106367323174,143.36666666666667,16999
dyna_q,3,30,39.63833333333334,14.016339770266514,0.0,1.0,0.23333333333333334,14.633333333333333,2.485158337731805,131.36666666666667,17999
dyna_q,3,30,38.733333333333334,14.26589951208436,0.0,1.0,0.36666666666666664,9.0,2.5359173695874095,128.93333333333334,18999
dyna_q,3,30,21.438333333333333,38.751444453364904,0.0,1.0,0.3333333333333333,12.066666666666666,2.1942805035072714,145.56666666666666,19999
dyna_q,4,30,-7.424999999999993,51.99214644219516,0.3333333333333333,0.6666666666666666,0.7666666666666667,6.1,2.7241078490810766,96.3,999
dyna_q,4,30,-11.018333333333336,58.59527780082243,0.36666666666666664,0.6333333333333333,0.6333333333333333,9.566666666666666,2.586668722069519,102.7,1999
dyna_q,4,30,-4.360000000000086,70.4162024442294,0.16666666666666666,0.8333333333333334,0.5,14.4,2.658701447001538,121.73333333333333,2999
dyna_q,4,30,8.941666666666668,53.09683776417909,0.23333333333333334,0.7666666666666667,0.4666666666666667,10.5,2.649928085469979,108.63333333333334,3999
dyna_q,4,30,20.916666666666686,46.44457150434506,0.13333333333333333,0.8666666666666667,0.26666666666666666,17.333333333333332,2.5556701630364183,128.53333333333333,4999
dyna_q,4,30,4.816666666666667,50.29452145998498,0.26666666666666666,0.7333333333333333,0.4,8.033333333333333,2.4683725943009227,106.6,5999
dyna_q,4,30,27.465,43.814548858417645,0.13333333333333333,0.8666666666666667,0.16666666666666666,8.433333333333334,2.6217604164931974,115.1,6999
dyna_q,4,30,38.995,12.698223957178675,0.0,1.0,0.3333333333333333,10.1,2.522296434889163,129.63333333333333,7999
dyna_q,4,30,37.79833333333333,15.750669209768699,0.0,1.0,0.23333333333333334,12.733333333333333,2.311117098474528,140.3,8999
dyna_q,4,30,38.29833333333333,17.76520233177456,0.0,1.0,0.23333333333333334,25.6,2.6250633273445843,128.1,9999
dyna_q,4,30,40.01166666666666,12.386549716886002,0.0,1.0,0.26666666666666666,14.466666666666667,2.5803071401729003,127.56666666666666,10999
dyna_q,4,30,41.18833333333334,14.024001350858764,0.0,1.0,0.13333333333333333,9.9,2.3660092702055606,136.96666666666667,11999
dyna_q,4,30,37.03166666666668,16.125029629602377,0.0,1.0,0.3,9.733333333333333,2.3218222698929565,140.43333333333334,12999
dyna_q,4,30,41.99333333333335,16.670321599244005,0.0,1.0,0.2,9.533333333333333,2.5930730747527333,128.8,13999
dyna_q,4,30,40.58333333333334,14.405377082495566,0.0,1.0,0.13333333333333333,13.1,2.4522268429543095,136.2,14999
dyna_q,4,30,36.018333333333345,25.097727265409674,0.03333333333333333,0.9666666666666667,0.13333333333333333,10.066666666666666,2.4071146874817795,140.76666666666668,15999
dyna_q,4,30,34.20000000000002,25.726179921110184,0.03333333333333333,0.9666666666666667,0.3,12.033333333333333,2.4680120306290427,129.6,16999
dyna_q,4,30,39.058333333333344,17.371696728363094,0.0,1.0,0.3,9.333333333333334,2.5019988931127295,132.63333333333333,17999
dyna_q,4,30,43.198333333333316,11.704190726212357,0.0,1.0,0.1,10.4,2.4711831144611787,131.16666666666666,18999
dyna_q,4,30,39.99,14.983253985700165,0.0,1.0,0.26666666666666666,10.933333333333334,2.549494573672628,130.4,19999
dyna_q_plus,0,30,-66.20666666666668,43.79420382754877,0.8333333333333334,0.16666666666666666,0.5333333333333333,13.433333333333334,2.8226593341476036,52.86666666666667,999
dyna_q_plus,0,30,-7.529999999999977,55.759565098734406,0.36666666666666664,0.6333333333333333,0.43333333333333335,9.0,2.6949171838185255,100.13333333333334,1999
dyna_q_plus,0,30,-1.5133333333333345,61.35615282014419,0.3333333333333333,0.6666666666666666,0.4,9.666666666666666,2.6689246189854336,94.8,2999
dyna_q_plus,0,30,8.023333333333353,52.951080777974255,0.2,0.8,0.5333333333333333,10.433333333333334,2.373467736749885,123.93333333333334,3999
dyna_q_plus,0,30,32.083333333333336,31.680788956225314,0.03333333333333333,0.9666666666666667,0.3333333333333333,30.6,2.6583487435376667,122.2,4999
dyna_q_plus,0,30,36.11666666666668,17.358726591800696,0.0,1.0,0.26666666666666666,8.066666666666666,2.1736636073268274,147.93333333333334,5999
dyna_q_plus,0,30,21.74500000000001,42.6438415835159,0.1,0.9,0.4666666666666667,16.166666666666668,2.4669781190146707,128.96666666666667,6999
dyna_q_plus,0,30,28.611666666666675,36.71269009332997,0.06666666666666667,0.9333333333333333,0.4,14.866666666666667,2.5590409500230487,125.23333333333333,7999
dyna_q_plus,0,30,40.881666666666675,18.048270846692063,0.0,1.0,0.2,13.233333333333333,2.560510002701961,130.23333333333332,8999
dyna_q_plus,0,30,17.91000000000002,45.32258340680356,0.13333333333333333,0.8666666666666667,0.5333333333333333,7.566666666666666,2.489295672142483,126.8,9999
dyna_q_plus,0,30,32.98333333333335,35.48160869458366,0.06666666666666667,0.9333333333333333,0.1,10.366666666666667,2.4745368852149046,136.8,10999
dyna_q_plus,0,30,38.40833333333333,23.95579290879116,0.03333333333333333,0.9666666666666667,0.23333333333333334,16.933333333333334,2.695822786213931,114.36666666666666,11999
dyna_q_plus,0,30,41.43500000000001,10.074374670419994,0.0,1.0,0.1,16.833333333333332,2.3989369983129345,133.16666666666666,12999
dyna_q_plus,0,30,36.56833333333334,29.50236850190544,0.0,0.9333333333333333,0.13333333333333333,7.9,2.3340054188927932,140.83333333333334,13999
dyna_q_plus,0,30,41.79500000000001,13.712022401284687,0.0,1.0,0.13333333333333333,7.233333333333333,2.3328350696021447,136.9,14999
dyna_q_plus,0,30,40.373333333333335,12.497831367436866,0.0,1.0,0.16666666666666666,12.566666666666666,2.386447915601178,135.46666666666667,15999
dyna_q_plus,0,30,35.89000000000001,23.775846988067528,0.03333333333333333,0.9666666666666667,0.3,11.633333333333333,2.5744054489304693,123.8,16999
dyna_q_plus,0,30,40.058333333333344,14.302570184721644,0.0,1.0,0.36666666666666664,16.566666666666666,2.7765251353838964,117.7,17999
dyna_q_plus,0,30,41.601666666666674,12.63615502789074,0.0,1.0,0.1,6.833333333333333,2.2986087617515265,140.36666666666667,18999
dyna_q_plus,0,30,37.32166666666667,23.38746346276616,0.03333333333333333,0.9666666666666667,0.2,12.0,2.5487341682864804,125.43333333333334,19999
dyna_q_plus,1,30,-50.54666666666667,54.07551807940036,0.7333333333333333,0.26666666666666666,0.43333333333333335,16.966666666666665,3.043508873280715,60.333333333333336,999
dyna_q_plus,1,30,-22.608333333333338,63.89605502080878,0.5333333333333333,0.4666666666666667,0.3,9.4,2.8037900079577005,80.76666666666667,1999
dyna_q_plus,1,30,20.778333333333347,38.11453721642468,0.1,0.9,0.8333333333333334,6.566666666666666,2.883569217491283,109.3,2999
dyna_q_plus,1,30,18.376666666666654,43.47719082717078,0.1,0.9,0.6666666666666666,18.366666666666667,2.594353679563712,121.66666666666667,3999
dyna_q_plus,1,30,22.811666666666678,42.85743358962233,0.13333333333333333,0.8666666666666667,0.3333333333333333,8.1,2.496112568542966,120.23333333333333,4999
dyna_q_plus,1,30,28.27833333333335,27.567238053328595,0.03333333333333333,0.9666666666666667,0.5,15.533333333333333,2.4113952259962823,135.16666666666666,5999
dyna_q_plus,1,30,11.901666666666689,47.81360943520392,0.2,0.8,0.4,9.966666666666667,2.5377139178492447,117.5,6999
dyna_q_plus,1,30,40.175,15.343824762207532,0.0,1.0,0.13333333333333333,15.933333333333334,2.3998409506904492,136.1,7999
dyna_q_plus,1,30,16.706666666666674,44.954265154215946,0.13333333333333333,0.8666666666666667,0.6333333333333333,16.3,2.7136690971116986,112.86666666666666,8999
dyna_q_plus,1,30,39.555,13.299388143820739,0.0,1.0,0.16666666666666666,8.866666666666667,2.3053942311010034,141.76666666666668,9999
dyna_q_plus,1,30,35.83000000000002,16.963822289409467,0.0,1.0,0.3333333333333333,9.166666666666666,2.306632697048494,142.93333333333334,10999
dyna_q_plus,1,30,34.34666666666667,35.25476784146444,0.06666666666666667,0.9333333333333333,0.23333333333333334,10.6,2.64578869115058,118.53333333333333,11999
dyna_q_plus,1,30,37.86166666666667,24.370753248286942,0.03333333333333333,0.9666666666666667,0.2,9.8,2.544108071307359,125.5,12999
dyna_q_plus,1,30,34.37666666666666,29.94447565448797,0.03333333333333333,0.9333333333333333,0.36666666666666664,15.533333333333333,2.8066971012089397,115.33333333333333,13999
dyna_q_plus,1,30,37.861666666666665,24.196379492716584,0.03333333333333333,0.9666666666666667,0.23333333333333334,14.133333333333333,2.6154499534586533,121.3,14999
dyna_q_plus,1,30,34.143333333333345,23.959517014237893,0.03333333333333333,0.9666666666666667,0.3,5.133333333333334,2.3558531351171417,135.6,15999
dyna_q_plus,1,30,37.253333333333345,14.655254651110235,0.0,1.0,0.13333333333333333,11.2,2.2112715452346223,151.6,16999
dyna_q_plus,1,30,35.09166666666668,30.856936236264424,0.06666666666666667,0.9333333333333333,0.1,10.066666666666666,2.500109785189232,125.7,17999
dyna_q_plus,1,30,32.62833333333334,33.470782490936124,0.06666666666666667,0.9333333333333333,0.4,9.033333333333333,2.8316593222561455,111.76666666666667,18999
dyna_q_plus,1,30,35.22166666666667,25.139416869839195,0.0,0.9666666666666667,0.43333333333333335,9.766666666666667,2.533043137993575,128.36666666666667,19999
dyna_q_plus,2,30,-24.386666666666663,52.86001156093536,0.4,0.6,0.5333333333333333,30.6,2.2747820811066566,109.2,999
dyna_q_plus,2,30,-4.339999999999989,51.57276477625246,0.26666666666666666,0.7333333333333333,0.7333333333333333,16.533333333333335,2.5068820360594057,114.93333333333334,1999
dyna_q_plus,2,30,27.06666666666667,37.34315049495541,0.06666666666666667,0.9333333333333333,0.5666666666666667,6.566666666666666,2.522001101643274,123.13333333333334,2999
dyna_q_plus,2,30,5.12166666666668,49.84495909540123,0.23333333333333334,0.7666666666666667,0.5666666666666667,16.1,2.569758655279485,111.1,3999
dyna_q_plus,2,30,22.903333333333347,30.92780823502082,0.06666666666666667,0.9333333333333333,0.6,10.3,2.4109407924854636,135.06666666666666,4999
dyna_q_plus,2,30,28.080000000000005,31.958057408630665,0.06666666666666667,0.9333333333333333,0.5,14.366666666666667,2.6833428706563307,120.8,5999
dyna_q_plus,2,30,39.37000000000001,14.659943155869739,0.0,1.0,0.2,9.6,2.358346891039628,139.2,6999
dyna_q_plus,2,30,30.135000000000016,31.635787093100745,0.06666666666666667,0.9333333333333333,0.23333333333333334,20.566666666666666,2.4585975276427967,126.63333333333334,7999
dyna_q_plus,2,30,35.044999999999995,13.378479921127063,0.0,1.0,0.43333333333333335,13.933333333333334,2.480829791478937,134.3,8999
dyna_q_plus,2,30,37.45166666666666,15.50896774629297,0.0,1.0,0.23333333333333334,15.666666666666666,2.386365450403279,139.3,9999
dyna_q_plus,2,30,35.95,13.854163032580972,0.0,1.0,0.5,14.566666666666666,2.6002663732751548,124.93333333333334,10999
dyna_q_plus,2,30,28.47666666666668,30.890855532917104,0.06666666666666667,0.9333333333333333,0.23333333333333334,14.933333333333334,2.2389535950112003,138.46666666666667,11999
dyna_q_plus,2,30,20.308333333333334,45.33633583806947,0.16666666666666666,0.8333333333333334,0.23333333333333334,11.133333333333333,2.549342459732677,115.16666666666667,12999
dyna_q_plus,2,30,14.866666666666726,113.68655837677335,0.03333333333333333,0.9666666666666667,0.1,11.8,2.328326943854376,135.53333333333333,13999
dyna_q_plus,2,30,25.97166666666667,41.47819644771884,0.13333333333333333,0.8666666666666667,0.23333333333333334,6.4,2.5183490805390933,114.9,14999
dyna_q_plus,2,30,39.231666666666676,11.94565111475952,0.0,1.0,0.16666666666666666,10.4,2.3227283482388907,141.7,15999
dyna_q_plus,2,30,23.695,41.236343901142995,0.13333333333333333,0.8666666666666667,0.36666666666666664,11.733333333333333,2.637167592913866,111.96666666666667,16999
dyna_q_plus,2,30,44.24499999999999,12.072132854912873,0.0,1.0,0.2,10.2,2.6760991425890364,119.3,17999
dyna_q_plus,2,30,36.803333333333335,13.462162613125054,0.0,1.0,0.43333333333333335,11.9,2.4651210800613645,128.93333333333334,18999
dyna_q_plus,2,30,42.330000000000005,13.913402411583817,0.0,1.0,0.2,9.866666666666667,2.541408097249467,127.2,19999
dyna_q_plus,3,30,-27.058333333333337,57.3745865392994,0.5333333333333333,0.4666666666666667,0.5666666666666667,10.0,2.9754521749647207,74.16666666666667,999
dyna_q_plus,3,30,23.341666666666676,46.53352390720288,0.13333333333333333,0.8666666666666667,0.3333333333333333,9.433333333333334,2.609249743909849,120.03333333333333,1999
dyna_q_plus,3,30,-3.6933333333333365,57.171739425076865,0.36666666666666664,0.6333333333333333,0.3,8.3,2.6807458006748615,98.0,2999
dyna_q_plus,3,30,1.5083333333333433,56.22415566778708,0.23333333333333334,0.7666666666666667,0.6,21.7,2.4157278219433027,120.23333333333333,3999
dyna_q_plus,3,30,32.39333333333335,17.542770274072673,0.0,1.0,0.43333333333333335,17.666666666666668,2.409264795924963,142.0,4999
dyna_q_plus,3,30,20.421666666666674,45.408858686628776,0.13333333333333333,0.8666666666666667,0.16666666666666666,23.1,2.2537812672046202,131.9,5999
dyna_q_plus,3,30,26.73666666666667,37.62223618494195,0.1,0.9,0.43333333333333335,10.433333333333334,2.6953734823600404,113.2,6999
dyna_q_plus,3,30,31.49333333333335,32.46272409326665,0.06666666666666667,0.9333333333333333,0.13333333333333333,15.366666666666667,2.423744823971241,134.2,7999
dyna_q_plus,3,30,34.071666666666665,25.51101946000765,0.03333333333333333,0.9666666666666667,0.4666666666666667,13.8,2.724894696124984,117.83333333333333,8999
dyna_q_plus,3,30,39.07833333333334,13.650101851471856,0.0,1.0,0.3333333333333333,8.833333333333334,2.5721680670716425,130.43333333333334,9999
dyna_q_plus,3,30,34.66000000000002,18.710720634616553,0.0,1.0,0.13333333333333333,20.433333333333334,2.146521316572179,154.6,10999
dyna_q_plus,3,30,35.688333333333325,14.60322842920549,0.0,1.0,0.4,14.3,2.430980414088047,134.16666666666666,11999
dyna_q_plus,3,30,36.53000000000002,16.58637794496833,0.0,1.0,0.3333333333333333,11.633333333333333,2.4338598602308594,138.33333333333334,12999
dyna_q_plus,3,30,37.05833333333333,22.769160734545213,0.03333333333333333,0.9666666666666667,0.16666666666666666,8.866666666666667,2.3588238821750696,134.3,13999
dyna_q_plus,3,30,42.071666666666665,13.232867435123628,0.0,1.0,0.16666666666666666,11.633333333333333,2.5330154030281227,129.43333333333334,14999
dyna_q_plus,3,30,37.77833333333333,24.70146987304377,0.03333333333333333,0.9666666666666667,0.16666666666666666,8.333333333333334,2.48140726516994,129.56666666666666,15999
dyna_q_plus,3,30,32.28500000000001,28.61812406500467,0.0,0.9333333333333333,0.23333333333333334,18.0,2.428941438781509,142.3,16999
dyna_q_plus,3,30,37.15833333333334,24.80033629924311,0.03333333333333333,0.9666666666666667,0.23333333333333334,8.533333333333333,2.5253108679989706,126.36666666666666,17999
dyna_q_plus,3,30,36.73833333333335,28.306276345636753,0.03333333333333333,0.9666666666666667,0.13333333333333333,12.066666666666666,2.451255359061304,135.5,18999
dyna_q_plus,3,30,33.675000000000004,35.181374688889,0.06666666666666667,0.9333333333333333,0.2,12.366666666666667,2.5661605404766523,121.23333333333333,19999
dyna_q_plus,4,30,-26.158333333333328,58.25615287008078,0.4666666666666667,0.5333333333333333,0.7,18.5,2.5672973223982836,92.76666666666667,999
dyna_q_plus,4,30,-0.3366666666666565,57.93701887011063,0.26666666666666666,0.7333333333333333,0.5,17.666666666666668,2.545365839708207,110.86666666666666,1999
dyna_q_plus,4,30,-17.961666666666652,60.427941499681175,0.43333333333333335,0.5666666666666667,0.5,5.133333333333334,2.550690980328765,106.7,2999
dyna_q_plus,4,30,6.279999999999998,49.65707502461257,0.2,0.8,0.5,13.033333333333333,2.308715216889003,135.13333333333333,3999
dyna_q_plus,4,30,34.965,26.8612892157717,0.03333333333333333,0.9666666666666667,0.3333333333333333,12.5,2.589307862257671,122.63333333333334,4999
dyna_q_plus,4,30,33.23166666666667,37.151355927102074,0.06666666666666667,0.9333333333333333,0.26666666666666666,13.166666666666666,2.663048178195339,118.56666666666666,5999
dyna_q_plus,4,30,38.17166666666667,14.18081264322402,0.0,1.0,0.26666666666666666,11.933333333333334,2.4684106731141076,135.5,6999
dyna_q_plus,4,30,29.786666666666672,31.162795481506826,0.06666666666666667,0.9333333333333333,0.3333333333333333,11.133333333333333,2.5471886858242145,127.66666666666667,7999
dyna_q_plus,4,30,30.783333333333335,34.33192230110177,0.06666666666666667,0.9333333333333333,0.43333333333333335,8.133333333333333,2.615352305369322,117.6,8999
dyna_q_plus,4,30,34.156666666666666,25.330497867634225,0.03333333333333333,0.9666666666666667,0.4666666666666667,8.166666666666666,2.6766167308824493,121.06666666666666,9999
dyna_q_plus,4,30,39.706666666666685,15.78671241547423,0.0,1.0,0.4,9.1,2.6836219410870643,122.26666666666667,10999
dyna_q_plus,4,30,39.99833333333333,23.19197233000151,0.03333333333333333,0.9666666666666667,0.03333333333333333,15.366666666666667,2.4966306111277565,127.43333333333334,11999
dyna_q_plus,4,30,32.60833333333334,23.15169570223505,0.0,0.9666666666666667,0.3333333333333333,10.166666666666666,2.3852190351758655,142.23333333333332,12999
dyna_q_plus,4,30,31.994999999999997,31.130227405743977,0.06666666666666667,0.9333333333333333,0.3,6.733333333333333,2.574024419552134,126.83333333333333,13999
dyna_q_plus,4,30,28.056666666666686,20.545440424148154,0.0,1.0,0.5666666666666667,14.4,2.1869437036123824,151.26666666666668,14999
dyna_q_plus,4,30,20.048333333333346,46.04250297882985,0.16666666666666666,0.8333333333333334,0.3333333333333333,10.666666666666666,2.768859309607337,113.36666666666666,15999
dyna_q_plus,4,30,39.145,13.256195721246712,0.0,1.0,0.26666666666666666,9.466666666666667,2.3925381551228084,134.83333333333334,16999
dyna_q_plus,4,30,36.03666666666668,25.772879587314673,0.03333333333333333,0.9666666666666667,0.26666666666666666,11.433333333333334,2.656493407708605,127.06666666666666,17999
dyna_q_plus,4,30,39.45,14.311283427188954,0.0,1.0,0.23333333333333334,14.966666666666667,2.4984097447874487,132.06666666666666,18999
dyna_q_plus,4,30,36.49666666666668,17.529831399328632,0.0,1.0,0.5,8.933333333333334,2.5876131719763866,127.26666666666667,19999
actor_critic,0,30,-15.364999999999894,34.576810991375915,0.0,0.7,0.6333333333333333,0.2,1.119812070797301,268.3,999
actor_critic,0,30,29.833333333333375,20.901512438630363,0.0,1.0,0.6666666666666666,3.3666666666666667,2.3718146803587703,144.93333333333334,1999
actor_critic,0,30,-44.201666666666675,40.718309729435305,0.0,0.3333333333333333,0.43333333333333335,1.0,0.7150446675724896,273.9,2999
actor_critic,0,30,-67.66999999999993,7.769133370803607,0.0,0.0,0.06666666666666667,0.7666666666666667,0.2938888888888889,300.0,3999
actor_critic,0,30,-60.87999999999998,39.90260350737366,0.8,0.2,0.23333333333333334,9.8,2.548969318503604,69.93333333333334,4999
actor_critic,0,30,-46.111666666666665,37.34758957713635,0.0,0.2,0.03333333333333333,0.6,0.5969391884149144,279.3666666666667,5999
actor_critic,0,30,31.933333333333373,18.400209841798553,0.0,1.0,0.4666666666666667,3.6,2.3076812122705443,152.33333333333334,6999
actor_critic,0,30,21.566666666666713,19.6336417632819,0.0,0.9666666666666667,0.13333333333333333,1.9666666666666666,1.5407028785461254,214.2,7999
actor_critic,0,30,33.08333333333335,14.112537766901513,0.0,1.0,0.43333333333333335,3.7,2.326012288286442,150.33333333333334,8999
actor_critic,0,30,35.82333333333336,16.82607467262901,0.0,1.0,0.4,4.633333333333334,2.4841192109039336,141.4,9999
actor_critic,0,30,-54.959999999999965,32.87438567233363,0.0,0.2,0.36666666666666664,0.3,0.5451809285994792,291.0,10999
actor_critic,0,30,41.41000000000001,14.076140569535854,0.0,1.0,0.2,6.1,2.5630439586651423,133.8,11999
actor_critic,0,30,-8.176666666666675,37.70431834978886,0.03333333333333333,0.8,1.0666666666666667,1.8,1.50148890775325,205.86666666666667,12999
actor_critic,0,30,36.428333333333356,15.181423315647583,0.0,1.0,0.43333333333333335,5.066666666666666,2.4687523250502377,135.96666666666667,13999
actor_critic,0,30,27.750000000000007,16.181244286724887,0.0,1.0,0.0,57.13333333333333,2.034612061264626,163.73333333333332,14999
actor_critic,0,30,41.29166666666668,14.808792902266593,0.0,1.0,0.16666666666666666,12.866666666666667,2.62932823558061,131.56666666666666,15999
actor_critic,0,30,42.26000000000001,14.450059976807456,0.0,1.0,0.06666666666666667,4.6,2.439927115816278,142.26666666666668,16999
actor_critic,0,30,40.20000000000001,14.530823560051001,0.0,1.0,0.3333333333333333,5.366666666666666,2.630171787317281,128.66666666666666,17999
actor_critic,0,30,29.83833333333333,39.02333849406303,0.1,0.9,0.5333333333333333,10.666666666666666,3.2128519085167846,93.83333333333333,18999
actor_critic,0,30,41.90333333333335,14.139371351733493,0.0,1.0,0.06666666666666667,3.8,2.371516347147569,144.4,19999
actor_critic,1,30,6.730000000000043,23.330972261495397,0.0,0.9333333333333333,0.0,28.533333333333335,1.205299942431221,256.8,999
actor_critic,1,30,-7.821666666666617,32.94753577870264,0.0,0.9,0.26666666666666666,85.73333333333333,1.275339924226894,238.3,1999
actor_critic,1,30,23.113333333333376,25.339958344261095,0.0,0.9666666666666667,0.5333333333333333,8.366666666666667,2.00644232411537,168.33333333333334,2999
actor_critic,1,30,33.90333333333335,17.547516126854568,0.0,1.0,0.4666666666666667,6.2,2.4629260970608575,142.53333333333333,3999
actor_critic,1,30,27.416666666666707,17.109341178302387,0.0,1.0,0.7666666666666667,4.366666666666666,2.471665228181681,145.93333333333334,4999
actor_critic,1,30,32.19500000000002,14.839684127366027,0.0,1.0,0.5333333333333333,3.566666666666667,2.410133514407039,145.96666666666667,5999
actor_critic,1,30,20.321666666666715,17.647996502593546,0.0,0.9666666666666667,0.0,2.2,1.4056610807947096,230.36666666666667,6999
actor_critic,1,30,27.108333333333373,16.745985008021687,0.0,1.0,0.5666666666666667,3.066666666666667,2.068621092460214,164.03333333333333,7999
actor_critic,1,30,20.028333333333382,9.865095736427907,0.0,1.0,0.0,0.6,1.2991767015663143,239.5,8999
actor_critic,1,30,29.32666666666667,27.899395851682673,0.03333333333333333,0.9666666666666667,0.5666666666666667,4.333333333333333,2.639536961879287,136.66666666666666,9999
actor_critic,1,30,13.755000000000075,13.877429817272796,0.0,0.9666666666666667,0.0,3.7333333333333334,1.1991558661353616,255.03333333333333,10999
actor_critic,1,30,26.8216666666667,25.807627048779345,0.03333333333333333,0.9666666666666667,0.6333333333333333,5.666666666666667,2.5441982540660026,138.5,11999
actor_critic,1,30,-22.860000000000007,45.18888395759884,0.0,0.5,0.5,1.2666666666666666,1.1618680845339082,239.4,12999
actor_critic,1,30,4.811666666666761,26.058305404526077,0.0,0.8333333333333334,0.16666666666666666,0.8,1.2196320256619175,252.16666666666666,13999
actor_critic,1,30,12.02000000000001,36.2740439800509,0.0,0.8666666666666667,0.8,2.566666666666667,1.9539893910577923,171.73333333333332,14999
actor_critic,1,30,-24.06499999999995,39.488551399952215,0.0,0.5,0.0,9.766666666666667,0.8509862836490719,277.3666666666667,15999
actor_critic,1,30,8.925000000000004,35.86639037223195,0.06666666666666667,0.8333333333333334,0.8333333333333334,6.2,2.228318224941453,149.03333333333333,16999
actor_critic,1,30,33.58833333333334,24.564573689676667,0.03333333333333333,0.9666666666666667,0.43333333333333335,8.6,2.7261823446671776,127.43333333333334,17999
actor_critic,1,30,29.26333333333334,27.895707355951526,0.03333333333333333,0.9666666666666667,0.6333333333333333,4.133333333333334,2.6999656490680897,130.33333333333334,18999
actor_critic,1,30,37.925000000000026,17.369162088790166,0.0,1.0,0.4,4.033333333333333,2.614650089536267,133.43333333333334,19999
actor_critic,2,30,10.878333333333435,17.97129509028831,0.0,0.9666666666666667,0.3333333333333333,1.8666666666666667,1.2743410536036504,241.56666666666666,999
actor_critic,2,30,9.626666666666745,23.232716634569954,0.0,1.0,0.7666666666666667,0.8,1.5272607441362485,219.6,1999
actor_critic,2,30,-5.606666666666549,38.922424413469,0.0,0.9666666666666667,0.8666666666666667,96.0,1.757229376127044,189.73333333333332,2999
actor_critic,2,30,-48.091666666666654,40.79996953294071,0.0,0.23333333333333334,0.3333333333333333,1.9666666666666666,0.7044461805854625,272.1,3999
actor_critic,2,30,38.80166666666667,15.420708389118241,0.0,1.0,0.36666666666666664,4.0,2.6094093363763395,132.63333333333333,4999
actor_critic,2,30,22.79500000000003,14.935652814657947,0.0,1.0,0.23333333333333334,2.7666666666666666,1.5586256534955147,208.1,5999
actor_critic,2,30,35.15666666666667,16.79001555157772,0.0,1.0,0.36666666666666664,4.4,2.3498532054970807,146.86666666666667,6999
actor_critic,2,30,35.3166666666667,15.02345018814101,0.0,1.0,0.16666666666666666,14.133333333333333,2.2224513391131198,154.4,7999
actor_critic,2,30,19.470000000000024,32.804983361272015,0.0,0.9,0.5,3.433333333333333,1.9214007901723038,174.33333333333334,8999
actor_critic,2,30,39.380000000000024,15.169314420895855,0.0,1.0,0.23333333333333334,5.1,2.4733964672932647,140.06666666666666,9999
actor_critic,2,30,37.83333333333335,15.002651617482659,0.0,1.0,0.3333333333333333,5.566666666666666,2.5172649686188375,138.0,10999
actor_critic,2,30,18.851666666666684,43.82326909176093,0.16666666666666666,0.8333333333333334,0.23333333333333334,4.366666666666666,2.6017439116940517,126.63333333333334,11999
actor_critic,2,30,13.261666666666676,27.07474433038206,0.0,1.0,0.4666666666666667,92.23333333333333,2.164476255451388,156.1,12999
actor_critic,2,30,26.64500000000002,23.081357376318486,0.0,1.0,0.16666666666666666,68.53333333333333,2.3124675455955153,145.5,13999
actor_critic,2,30,39.53999999999999,12.052575105207465,0.0,1.0,0.2,31.8,2.7119767715059955,120.8,14999
actor_critic,2,30,-73.94,5.526819459086159,0.0,0.0,0.0,35.333333333333336,0.2708888888888889,300.0,15999
actor_critic,2,30,-10.521666666666674,42.714893349848026,0.0,0.6666666666666666,0.6333333333333333,3.1,1.3641752051974243,218.83333333333334,16999
actor_critic,2,30,37.30333333333335,13.180351116550536,0.0,1.0,0.3,3.533333333333333,2.327501725099789,144.26666666666668,17999
actor_critic,2,30,-63.734999999999985,18.30950185923514,0.0,0.06666666666666667,0.06666666666666667,0.9666666666666667,0.30995807127882596,298.8333333333333,18999
actor_critic,2,30,39.15,12.530968305229507,0.0,1.0,0.36666666666666664,6.066666666666666,2.6636776777783817,129.6,19999
actor_critic,3,30,25.675000000000058,20.763653138758222,0.0,1.0,0.4666666666666667,2.7666666666666666,1.9385859232246225,178.03333333333333,999
actor_critic,3,30,11.97500000000006,19.597872971320086,0.0,1.0,0.6,1.7666666666666666,1.4504459639789224,222.9,1999
actor_critic,3,30,-92.26000000000016,24.188517937236448,0.0,0.0,0.0,109.76666666666667,0.15644444444444444,300.0,2999
actor_critic,3,30,32.17666666666669,17.06115340636601,0.0,1.0,0.4,16.166666666666668,2.348200300746895,146.66666666666666,3999
actor_critic,3,30,3.321666666666657,36.442332717444074,0.0,0.9333333333333333,0.8333333333333334,79.66666666666667,2.176595550590301,160.96666666666667,4999
actor_critic,3,30,33.45166666666668,15.89933690091785,0.0,1.0,0.36666666666666664,4.9,2.32284771527234,153.16666666666666,5999
actor_critic,3,30,29.580000000000034,17.89411262585169,0.0,1.0,0.6333333333333333,4.366666666666666,2.3473688014007927,147.86666666666667,6999
actor_critic,3,30,29.6966666666667,16.355844690982916,0.0,1.0,0.5333333333333333,2.933333333333333,2.241500485222602,156.46666666666667,7999
actor_critic,3,30,39.733333333333356,14.756249147018632,0.0,1.0,0.1,10.966666666666667,2.3316277309024676,144.6,8999
actor_critic,3,30,38.73333333333334,24.71407268923697,0.03333333333333333,0.9666666666666667,0.23333333333333334,9.366666666666667,2.738989681879487,120.2,9999
actor_critic,3,30,-74.57333333333332,1.2564323388954213,0.0,0.0,0.0,0.5333333333333333,0.01777777777777778,300.0,10999
actor_critic,3,30,14.388333333333353,35.63240959981362,0.0,0.8666666666666667,0.6333333333333333,4.366666666666666,2.01335485519271,174.5,11999
actor_critic,3,30,2.985000000000059,34.56279586974024,0.03333333333333333,0.8,0.23333333333333334,1.1666666666666667,1.3223380379730107,228.63333333333333,12999
actor_critic,3,30,4.013333333333349,46.400861941227866,0.23333333333333334,0.7666666666666667,0.7666666666666667,4.566666666666666,2.8854535966378423,106.86666666666666,13999
actor_critic,3,30,32.621666666666684,15.565472919966831,0.0,1.0,0.7,4.966666666666667,2.6146442819663056,129.76666666666668,14999
actor_critic,3,30,-65.13666666666666,19.279215636419345,0.0,0.06666666666666667,0.0,8.1,0.2602126421415203,297.0,15999
actor_critic,3,30,-14.826666666666645,44.76925979086791,0.03333333333333333,0.6333333333333333,0.8333333333333334,1.6,1.429202754427282,207.26666666666668,16999
actor_critic,3,30,20.95333333333337,34.90340225377589,0.0,0.9,0.5666666666666667,3.4,2.1351747190096018,162.93333333333334,17999
actor_critic,3,30,32.22000000000001,31.96438538957589,0.06666666666666667,0.9333333333333333,0.2,7.833333333333333,2.543623748814482,130.06666666666666,18999
actor_critic,3,30,-19.32166666666664,43.30604015479701,0.0,0.5333333333333333,0.0,3.3,0.8948514818970144,265.8333333333333,19999
actor_critic,4,30,7.513333333333434,16.18721683579016,0.0,0.9666666666666667,0.26666666666666666,9.4,1.2037119403840422,254.4,999
actor_critic,4,30,20.27833333333333,24.136247579568487,0.0,1.0,0.4,7.333333333333333,1.7118917671127987,201.23333333333332,1999
actor_critic,4,30,34.580000000000005,15.105383146415036,0.0,1.0,0.4,5.0,2.400358365938674,146.0,2999
actor_critic,4,30,35.45166666666669,16.29941452595424,0.0,1.0,0.36666666666666664,5.1,2.3973886042252484,144.96666666666667,3999
actor_critic,4,30,33.786666666666676,17.452129446638377,0.0,1.0,0.2,32.96666666666667,2.4005465400678143,142.86666666666667,4999
actor_critic,4,30,-12.9783333333333,43.06561405447379,0.0,0.6,0.26666666666666666,7.8,1.1738171637696195,239.36666666666667,5999
actor_critic,4,30,-31.64999999999999,46.018878372540414,0.0,0.36666666666666664,0.1,1.4333333333333333,0.8444469346391847,259.8666666666667,6999
actor_critic,4,30,-24.348333333333464,63.59649555771329,0.0,0.6,0.03333333333333333,108.06666666666666,1.3007787965781883,224.5,7999
actor_critic,4,30,16.263333333333385,27.74583432197022,0.0,0.9666666666666667,0.7666666666666667,2.5,1.895071724537303,184.0,8999
actor_critic,4,30,-4.504999999999979,43.19192314542153,0.0,0.7,0.7333333333333333,3.3666666666666667,1.6320062681551284,196.16666666666666,9999
actor_critic,4,30,23.701666666666718,14.366543792977991,0.0,1.0,0.0,0.3,1.45766516449183,225.1,10999
actor_critic,4,30,29.623333333333353,17.341879623872604,0.0,1.0,0.7666666666666667,4.0,2.572649902394576,137.4,11999
actor_critic,4,30,29.00833333333338,16.67695557415143,0.0,1.0,0.26666666666666666,15.033333333333333,1.9634042353416572,170.83333333333334,12999
actor_critic,4,30,-67.35666666666667,8.06224465573263,0.0,0.0,0.0,0.43333333333333335,0.25766666666666665,300.0,13999
actor_critic,4,30,-25.74999999999998,44.281262026580364,0.0,0.5,0.6666666666666666,1.9333333333333333,1.136061774029891,238.0,14999
actor_critic,4,30,-44.898333333333284,34.22369180196021,0.0,0.26666666666666666,0.06666666666666667,0.23333333333333334,0.5658073307528428,290.23333333333335,15999
actor_critic,4,30,39.07166666666667,14.48144032508123,0.0,1.0,0.2,6.433333333333334,2.394033323229836,142.76666666666668,16999
actor_critic,4,30,7.961666666666624,49.24165019461577,0.0,0.8666666666666667,0.23333333333333334,83.9,2.0108729365802724,167.76666666666668,17999
actor_critic,4,30,-30.44833333333332,48.36649750142713,0.0,0.3333333333333333,0.03333333333333333,5.0,0.9582129870250466,255.7,18999
actor_critic,4,30,-13.614999999999997,38.443835981858044,0.0,0.7333333333333333,0.8666666666666667,2.2333333333333334,1.2597095691569646,232.63333333333333,19999
